"SightDate","Time1","Time2","Month","Day","Year","Pod","LikelyPod","Direction","FishArea","Quadrant","Lat","Long","UTMx","UTMy","Source","ActLat","ActLong","Pod.cl","day","week","Lat.cl","Long.cl","J","K","L","SRKW","Orcas","date.time"
"6/5/07","13:00",1300,6,5,2007,"SRs"," "," ","","","","","","","BCCSN",45.3498,-124.1075,"SRs","156","23","45.3498","-124.1075",0,0,0,1,1,2007-06-05 13:00:00
"3/31/06","11:00",1100,3,31,2006,"KL"," "," ","","","","","","","BCCSN",46.2664,-124.11,"KL","090","13","46.2664","-124.11",0,1,1,1,1,2006-03-31 11:00:00
"4/17/02","",NA,4,17,2002,"L"," "," ","","","","","","","BCCSN",46.3734,-124.0737,"L","107","16","46.3734","-124.0737",0,0,1,1,1,NA
"3/13/04","",NA,3,13,2004,"L"," "," ","","","","","","","BCCSN",46.9275,-124.1285,"L","073","11","46.9275","-124.1285",0,0,1,1,1,NA
"3/30/02","15:00",1500,3,30,2002,"SRs"," ","S","","","","","","","BCCSN",46.9448,-124.2828,"SRs","089","13","46.9448","-124.2828",0,0,0,1,1,2002-03-30 15:00:00
"4/5/06","8:30",830,4,5,2006,"L"," ","N","","","","","","","BCCSN",47.1007,-124.2701,"L","095","14","47.1007","-124.2701",0,0,1,1,1,2006-04-05 08:30:00
"4/4/06","",NA,4,4,2006,"SRs"," "," ","","","","","","","BCCSN",47.1517,-124.2543,"SRs","094","14","47.1517","-124.2543",0,0,0,1,1,NA
"12/31/04","13:55",1355,12,31,2004,"K"," ","S","","","","","","","BCCSN",47.5249,-122.4852,"K","366","53","47.5249","-122.4852",0,1,0,1,1,2004-12-31 13:55:00
"11/19/04","15:40",1540,11,19,2004,"K"," ","S","","","","","","","BCCSN",47.5829,-126.7662,"K","324","47","47.5829","-126.7662",0,1,0,1,1,2004-11-19 15:40:00
"12/3/03","14:50",1450,12,3,2003,"SRs?"," ","N","","","","","","","BCCSN",47.6768,-122.4132,"SRs?","337","49","47.6768","-122.4132",0,0,0,1,1,2003-12-03 14:50:00
"11/17/02","16:00",1600,11,17,2002,"L"," ","S","","","","","","","BCCSN",47.783,-122.3994,"L","321","46","47.783","-122.3994",0,0,1,1,1,2002-11-17 16:00:00
"6/25/04","",NA,6,25,2004,"JL"," ","S","","","","","","","BCCSN",47.8026,-122.4012,"JL","177","26","47.8026","-122.4012",1,0,1,1,1,NA
"11/13/04","13:30",1330,11,13,2004,"SRs?"," ","N","","","","","","","BCCSN",47.8161,-122.3958,"SRs?","318","46","47.8161","-122.3958",0,0,0,1,1,2004-11-13 13:30:00
"7/7/06","15:50",1550,7,7,2006,"L?"," "," ","","","","","","","BCCSN",47.9043,-124.6388,"L?","188","27","47.9043","-124.6388",0,0,1,1,1,2006-07-07 15:50:00
"7/7/06","15:50",1550,7,7,2006,"L?"," "," ","","","","","","","BCCSN",47.9043,-124.6388,"L?","188","27","47.9043","-124.6388",0,0,1,1,1,2006-07-07 15:50:00
"11/7/03","14:15",1415,11,7,2003,"KL"," "," ","","","","","","","BCCSN",47.9053,-122.375,"KL","311","45","47.9053","-122.375",0,1,1,1,1,2003-11-07 14:15:00
"11/13/03","7:30",730,11,13,2003,"J"," ","S","","","","","","","BCCSN",47.9053,-122.375,"J","317","46","47.9053","-122.375",1,0,0,1,1,2003-11-13 07:30:00
"11/13/03","14:00",1400,11,13,2003,"JK"," ","SW","","","","","","","BCCSN",47.9053,-122.375,"JK","317","46","47.9053","-122.375",1,1,0,1,1,2003-11-13 14:00:00
"1/2/04","14:20",1420,1,2,2004,"K"," ","SE","","","","","","","BCCSN",47.9053,-122.375,"K","002","01","47.9053","-122.375",0,1,0,1,1,2004-01-02 14:20:00
"1/12/04","13:30",1330,1,12,2004,"J"," ","N","","","","","","","BCCSN",47.9538,-122.2972,"J","012","03","47.9538","-122.2972",1,0,0,1,1,2004-01-12 13:30:00
"10/30/01","",NA,10,30,2001,"L"," "," ","","","","","","","BCCSN",47.9548,-122.2989,"L","303","44","47.9548","-122.2989",0,0,1,1,1,NA
"11/4/04","15:30",1530,11,4,2004,"SRs?"," ","W","","","","","","","BCCSN",48.2618,-124.2748,"SRs?","309","45","48.2618","-124.2748",0,0,0,1,1,2004-11-04 15:30:00
"11/4/04","16:20",1620,11,4,2004,"SRs?"," ","W","","","","","","","BCCSN",48.2619,-124.2748,"SRs?","309","45","48.2619","-124.2748",0,0,0,1,1,2004-11-04 16:20:00
"6/28/13","14:30",1430,6,28,2013,"L","Lp","E","","258","48.3185","-123.4314","468600","5351700","TWM-SA-WW",48.298,-123.4459,"Lp","179","26","48.298","-123.4459",0,0,1,1,1,2013-06-28 14:30:00
"6/28/13","15:00",1500,6,28,2013,"L","Lp","E","","258","48.3185","-123.4314","468600","5351700","TWM-SA-WW",48.3085,-123.4038,"Lp","179","26","48.3085","-123.4038",0,0,1,1,1,2013-06-28 15:00:00
"7/22/07","11:30",1130,7,22,2007,"SRs"," ","W","","","","","","","BCCSN",48.3222,-124.3589,"SRs","203","29","48.3222","-124.3589",0,0,0,1,1,2007-07-22 11:30:00
"7/23/07","",NA,7,23,2007,"SRs"," "," ","","","","","","","BCCSN",48.3339,-124.3949,"SRs","204","30","48.3339","-124.3949",0,0,0,1,1,NA
"4/23/06","",NA,4,23,2006,"J"," "," ","","","","","","","BCCSN",48.35,-123.0213,"J","113","16","48.35","-123.0213",1,0,0,1,1,NA
"10/2/13","13:50",1350,10,2,2013,"JKL","","N","","240","48.3625","-123.0979","492800","5356600","TWM-SA-WW",48.35,-123.123,"JKL","275","40","48.35","-123.123",1,1,1,1,1,2013-10-02 13:50:00
"8/2/11","12:30",1230,8,2,2011,"SRs?"," "," ","","","","","","","BCCSN",48.3667,-125.3967,"SRs?","214","31","48.3667","-125.3967",0,0,0,1,1,2011-08-02 12:30:00
"7/8/13","15:00",1500,7,8,2013,"JKL?","JKL","E","","238","48.3626","-123.2316","483100","5356600","TWM-SA-WW",48.3735,-123.2434,"JKL","189","28","48.3735","-123.2434",1,1,1,1,1,2013-07-08 15:00:00
"8/12/13","14:20",1420,8,12,2013,"JKL","","W","","241","48.3627","-123.0314","497700","5356600","TWM-SA-WW",48.3751,-123.063,"JKL","224","33","48.3751","-123.063",1,1,1,1,1,2013-08-12 14:20:00
"8/12/13","15:00",1500,8,12,2013,"JKL","","N","","240","48.3625","-123.0979","492800","5356600","TWM-SA-WW",48.3852,-123.0808,"JKL","224","33","48.3852","-123.0808",1,1,1,1,1,2013-08-12 15:00:00
"8/11/15","18:19",1819,8,11,2015,"KL",""," ","","","","","","","BCCSN",48.386,-124.7845,"KL","223","33","48.386","-124.7845",0,1,1,1,1,2015-08-11 18:19:00
"6/18/13","14:45",1445,6,18,2013,"L","","W","","237","48.3625","-123.2996","478200","5356600","TWM-SA-WW",48.3863,-123.305,"L","169","25","48.3863","-123.305",0,0,1,1,1,2013-06-18 14:45:00
"11/30/03","13:40",1340,11,30,2003,"J"," ","E","","","","","","","BCCSN",48.3869,-123.4773,"J","334","48","48.3869","-123.4773",1,0,0,1,1,2003-11-30 13:40:00
"11/29/03","16:00",1600,11,29,2003,"J"," ","E","","","","","","","BCCSN",48.3873,-123.4773,"J","333","48","48.3873","-123.4773",1,0,0,1,1,2003-11-29 16:00:00
"6/15/14","",NA,6,15,2014,"J","","","","232","48.4079","-123.3900","471600","5361600","TWM-SA-WW",48.3883,-123.3833,"J","166","24","48.3883","-123.3833",1,0,0,1,1,NA
"7/28/11","13:00",1300,7,28,2011,"JK"," ","NE","","","","","","","BCCSN",48.3932,-125.8997,"JK","209","30","48.3932","-125.8997",1,1,0,1,1,2011-07-28 13:00:00
"7/2/13","2:50",250,7,2,2013,"L","L12s","S","","227","48.4062","-123.0313","497700","5361500","TWM-SA-WW",48.4,-123.04,"L12s","183","27","48.4","-123.04",0,0,1,1,1,2013-07-02 02:50:00
"7/1/04","9:15",915,7,1,2004,"J"," "," ","","","","","","","BCCSN",48.4021,-123.3488,"J","183","27","48.4021","-123.3488",1,0,0,1,1,2004-07-01 09:15:00
"4/10/06","",NA,4,10,2006,"SRs"," "," ","","","","","","","BCCSN",48.4082,-124.6153,"SRs","100","15","48.4082","-124.6153",0,0,0,1,1,NA
"8/12/13","13:15",1315,8,12,2013,"JKL","","W","","227","48.4062","-123.0313","497700","5361500","TWM-SA-WW",48.4137,-123.0125,"JKL","224","33","48.4137","-123.0125",1,1,1,1,1,2013-08-12 13:15:00
"6/5/13","14:45",1445,6,5,2013,"JL","","NW","","227","48.4062","-123.0313","497700","5361500","TWM-SA-WW",48.4171,-123.0105,"JL","156","23","48.4171","-123.0105",1,0,1,1,1,2013-06-05 14:45:00
"5/17/13","14:20",1420,5,17,2013,"J","","mill and E","","229","48.4128","-123.1631","488100","5362200","TWM-SA-WW",48.4186,-123.134,"J","137","20","48.4186","-123.134",1,0,0,1,1,2013-05-17 14:20:00
"7/12/13","12:30",1230,7,12,2013,"J","","","","226","48.4066","-122.9632","502600","5361500","TWM-SA-WW",48.4209,-122.9753,"J","193","28","48.4209","-122.9753",1,0,0,1,1,2013-07-12 12:30:00
"8/25/15","17:57",1757,8,25,2015,"JKL","","","","","","","","","SPOT",48.4236,-123.0761,"JKL","237","35","48.4236","-123.0761",1,1,1,1,1,2015-08-25 17:57:00
"7/3/13","15:00",1500,7,3,2013,"L","Lp","","","228","48.4127","-123.0982","492800","5362200","TWM-SA-WW",48.4287,-123.1011,"Lp","184","27","48.4287","-123.1011",0,0,1,1,1,2013-07-03 15:00:00
"7/2/13","1:30",130,7,2,2013,"L","L12s","W","","226","48.4066","-122.9632","502600","5361500","TWM-SA-WW",48.4308,-122.993,"L12s","183","27","48.4308","-122.993",0,0,1,1,1,2013-07-02 01:30:00
"7/16/13","12:45",1245,7,16,2013,"Lp","","mill","","185","48.4454","-123.0354","497400","5365800","TWM-SA-WW",48.4337,-123.0088,"Lp","197","29","48.4337","-123.0088",0,0,1,1,1,2013-07-16 12:45:00
"7/16/13","14:40",1440,7,16,2013,"Lp","","N","","185","48.4454","-123.0354","497400","5365800","TWM-SA-WW",48.4357,-123.0316,"Lp","197","29","48.4357","-123.0316",0,0,1,1,1,2013-07-16 14:40:00
"7/28/07","",NA,7,28,2007,"L?"," "," ","","","","","","","BCCSN",48.4399,-124.7962,"L?","209","30","48.4399","-124.7962",0,0,1,1,1,NA
"5/18/13","15:00",1500,5,18,2013,"J","","N","","185","48.4454","-123.0354","497400","5365800","TWM-SA-WW",48.4449,-123.0483,"J","138","20","48.4449","-123.0483",1,0,0,1,1,2013-05-18 15:00:00
"8/25/15","17:47",1747,8,25,2015,"JKL","","","","","","","","","SPOT",48.4453,-123.0811,"JKL","237","35","48.4453","-123.0811",1,1,1,1,1,2015-08-25 17:47:00
"10/16/13","13:50",1350,10,16,2013,"J","","E","","184","48.4629","-123.1092","492000","5367800","TWM-SA-WW",48.446,-123.1035,"J","289","42","48.446","-123.1035",1,0,0,1,1,2013-10-16 13:50:00
"6/9/05","",NA,6,9,2005,"L"," ","NW","","","","","","","BCCSN",48.4463,-125.452,"L","160","23","48.4463","-125.452",0,0,1,1,1,NA
"5/15/13","14:00",1400,5,15,2013,"J","","E","","182","48.4472","-123.2843","479300","5366000","TWM-SA-WW",48.4487,-123.2533,"J","135","20","48.4487","-123.2533",1,0,0,1,1,2013-05-15 14:00:00
"7/16/13","14:50",1450,7,16,2013,"Lp","","N","","185","48.4454","-123.0354","497400","5365800","TWM-SA-WW",48.4489,-123.0402,"Lp","197","29","48.4489","-123.0402",0,0,1,1,1,2013-07-16 14:50:00
"9/19/99","",NA,9,19,1999,"SRs"," "," ","","","","","","","BCCSN",48.45,-123.4488,"SRs","262","37","48.45","-123.4488",0,0,0,1,1,NA
"7/13/13","13:00",1300,7,13,2013,"Lp","","","","185","48.4454","-123.0354","497400","5365800","TWM-SA-WW",48.4517,-123.0335,"Lp","194","28","48.4517","-123.0335",0,0,1,1,1,2013-07-13 13:00:00
"7/14/13","15:00",1500,7,14,2013,"Lp","","N","","185","48.4454","-123.0354","497400","5365800","TWM-SA-WW",48.4549,-123.0466,"Lp","195","28","48.4549","-123.0466",0,0,1,1,1,2013-07-14 15:00:00
"7/3/13","14:15",1415,7,3,2013,"L","Lp","","","185","48.4454","-123.0354","497400","5365800","TWM-SA-WW",48.4558,-123.025,"Lp","184","27","48.4558","-123.025",0,0,1,1,1,2013-07-03 14:15:00
"7/13/13","14:00",1400,7,13,2013,"Lp","","N","","185","48.4454","-123.0354","497400","5365800","TWM-SA-WW",48.4558,-123.0378,"Lp","194","28","48.4558","-123.0378",0,0,1,1,1,2013-07-13 14:00:00
"5/10/03","",NA,5,10,2003,"J"," "," ","","","","","","","BCCSN",48.4567,-123.0308,"J","130","19","48.4567","-123.0308",1,0,0,1,1,NA
"8/25/15","17:37",1737,8,25,2015,"JKL","","","","","","","","","SPOT",48.4568,-123.092,"JKL","237","35","48.4568","-123.092",1,1,1,1,1,2015-08-25 17:37:00
"8/26/03","16:30",1630,8,26,2003,"JK"," "," ","","","","","","","BCCSN",48.4569,-124.3841,"JK","238","35","48.4569","-124.3841",1,1,0,1,1,2003-08-26 16:30:00
"7/14/13","13:35",1335,7,14,2013,"Lp","","","","185","48.4454","-123.0354","497400","5365800","TWM-SA-WW",48.4575,-123.0495,"Lp","195","28","48.4575","-123.0495",0,0,1,1,1,2013-07-14 13:35:00
"10/2/13","14:00",1400,10,2,2013,"JKL","","","","184","48.4629","-123.1092","492000","5367800","TWM-SA-WW",48.459,-123.075,"JKL","275","40","48.459","-123.075",1,1,1,1,1,2013-10-02 14:00:00
"7/7/06","16:00",1600,7,7,2006,"Lp"," "," ","","","","","","","BCCSN",48.4592,-123.0305,"Lp","188","27","48.4592","-123.0305",0,0,1,1,1,2006-07-07 16:00:00
"9/3/13","12:15",1215,9,3,2013,"JKL","","S","","184","48.4629","-123.1092","492000","5367800","TWM-SA-WW",48.462,-123.104,"JKL","246","36","48.462","-123.104",1,1,1,1,1,2013-09-03 12:15:00
"7/22/07","18:15",1815,7,22,2007,"JKL"," ","W","","","","","","","BCCSN",48.463,-124.6314,"JKL","203","29","48.463","-124.6314",1,1,1,1,1,2007-07-22 18:15:00
"8/25/15","17:28",1728,8,25,2015,"JKL","","","","","","","","","SPOT",48.464,-123.1135,"JKL","237","35","48.464","-123.1135",1,1,1,1,1,2015-08-25 17:28:00
"6/17/13","13:15",1315,6,17,2013,"L","","N then S","","184","48.4629","-123.1092","492000","5367800","TWM-SA-WW",48.4641,-123.0734,"L","168","25","48.4641","-123.0734",0,0,1,1,1,2013-06-17 13:15:00
"6/9/03","13:00",1300,6,9,2003,"JK?"," ","N","","","","","","","BCCSN",48.4667,-132.0333,"JK?","160","24","48.4667","-132.0333",1,1,0,1,1,2003-06-09 13:00:00
"5/27/02","",NA,5,27,2002,"L"," ","E","","","","","","","BCCSN",48.4706,-124.6031,"L","147","22","48.4706","-124.6031",0,0,1,1,1,NA
"7/11/13","13:00",1300,7,11,2013,"JL","JLp","N","","184","48.4629","-123.1092","492000","5367800","TWM-SA-WW",48.4708,-123.1139,"JLp","192","28","48.4708","-123.1139",1,0,1,1,1,2013-07-11 13:00:00
"7/4/13","13:30",1330,7,4,2013,"Lp","","mill","","184","48.4629","-123.1092","492000","5367800","TWM-SA-WW",48.4713,-123.0691,"Lp","185","27","48.4713","-123.0691",0,0,1,1,1,2013-07-04 13:30:00
"9/6/15","12:00",1200,9,6,2015,"KL","","W","","","","","","","BCCSN",48.4718,-124.3746,"KL","249","36","48.4718","-124.3746",0,1,1,1,1,2015-09-06 12:00:00
"5/31/13","14:00",1400,5,31,2013,"J","","SW","","184","48.4629","-123.1092","492000","5367800","TWM-SA-WW",48.4725,-123.0792,"J","151","22","48.4725","-123.0792",1,0,0,1,1,2013-05-31 14:00:00
"6/3/13","15:00",1500,6,3,2013,"Lp","L12s","mill","","184","48.4629","-123.1092","492000","5367800","TWM-SA-WW",48.4726,-123.0788,"L12s","154","23","48.4726","-123.0788",0,0,1,1,1,2013-06-03 15:00:00
"6/22/01","9:00",900,6,22,2001,"JKL"," "," ","","","","","","","BCCSN",48.4734,-124.3021,"JKL","173","25","48.4734","-124.3021",1,1,1,1,1,2001-06-22 09:00:00
"8/15/13","14:50",1450,8,15,2013,"JKL","","S","","184","48.4629","-123.1092","492000","5367800","TWM-SA-WW",48.4738,-123.1311,"JKL","227","33","48.4738","-123.1311",1,1,1,1,1,2013-08-15 14:50:00
"7/2/13","12:30",1230,7,2,2013,"L","L12s","S","","184","48.4629","-123.1092","492000","5367800","TWM-SA-WW",48.4741,-123.0778,"L12s","183","27","48.4741","-123.0778",0,0,1,1,1,2013-07-02 12:30:00
"7/22/01","16:45",1645,7,22,2001,"SRs"," "," ","","","","","","","BCCSN",48.4745,-124.2872,"SRs","203","29","48.4745","-124.2872",0,0,0,1,1,2001-07-22 16:45:00
"7/3/13","1:25",125,7,3,2013,"L","Lp","S","","184","48.4629","-123.1092","492000","5367800","TWM-SA-WW",48.4762,-123.0951,"Lp","184","27","48.4762","-123.0951",0,0,1,1,1,2013-07-03 01:25:00
"7/13/13","14:30",1430,7,13,2013,"Lp","","S","","184","48.4629","-123.1092","492000","5367800","TWM-SA-WW",48.4782,-123.0735,"Lp","194","28","48.4782","-123.0735",0,0,1,1,1,2013-07-13 14:30:00
"8/18/13","13:20",1320,8,18,2013,"L","JKL","S","","184","48.4629","-123.1092","492000","5367800","TWM-SA-WW",48.48,-123.1134,"JKL","230","33","48.48","-123.1134",1,1,1,1,1,2013-08-18 13:20:00
"7/8/13","13:30",1330,7,8,2013,"L89","","S","","184","48.4629","-123.1092","492000","5367800","TWM-SA-WW",48.4801,-123.0725,"L89","189","28","48.4801","-123.0725",0,0,1,1,1,2013-07-08 13:30:00
"8/9/01","18:00",1800,8,9,2001,"L12s"," "," ","","","","","","","BCCSN",48.4808,-123.0929,"L12s","221","32","48.4808","-123.0929",0,0,1,1,1,2001-08-09 18:00:00
"5/25/01","11:15",1115,5,25,2001,"J"," "," ","","","","","","","BCCSN",48.4809,-123.0716,"J","145","21","48.4809","-123.0716",1,0,0,1,1,2001-05-25 11:15:00
"6/10/01","14:30",1430,6,10,2001,"K"," "," ","","","","","","","BCCSN",48.4809,-123.0716,"K","161","23","48.4809","-123.0716",0,1,0,1,1,2001-06-10 14:30:00
"7/6/02","19:45",1945,7,6,2002,"KL"," "," ","","","","","","","BCCSN",48.4809,-123.0716,"KL","187","27","48.4809","-123.0716",0,1,1,1,1,2002-07-06 19:45:00
"5/11/03","13:00",1300,5,11,2003,"SRs"," "," ","","","","","","","BCCSN",48.4809,-123.0716,"SRs","131","19","48.4809","-123.0716",0,0,0,1,1,2003-05-11 13:00:00
"6/13/03","20:14",2014,6,13,2003,"L"," "," ","","","","","","","BCCSN",48.4809,-123.0716,"L","164","24","48.4809","-123.0716",0,0,1,1,1,2003-06-13 20:14:00
"6/25/03","11:00",1100,6,25,2003,"L12s"," ","NW","","","","","","","BCCSN",48.4809,-123.0716,"L12s","176","26","48.4809","-123.0716",0,0,1,1,1,2003-06-25 11:00:00
"7/12/03","",NA,7,12,2003,"J"," "," ","","","","","","","BCCSN",48.4809,-123.0716,"J","193","28","48.4809","-123.0716",1,0,0,1,1,NA
"8/7/03","15:00",1500,8,7,2003,"L"," "," ","","","","","","","BCCSN",48.4809,-123.0716,"L","219","32","48.4809","-123.0716",0,0,1,1,1,2003-08-07 15:00:00
"8/1/04","",NA,8,1,2004,"L"," "," ","","","","","","","BCCSN",48.4809,-123.0716,"L","214","31","48.4809","-123.0716",0,0,1,1,1,NA
"8/30/04","",NA,8,30,2004,"L"," ","SE","","","","","","","BCCSN",48.4809,-123.0716,"L","243","36","48.4809","-123.0716",0,0,1,1,1,NA
"8/31/04","12:35",1235,8,31,2004,"J"," ","N","","","","","","","BCCSN",48.4809,-123.0716,"J","244","36","48.4809","-123.0716",1,0,0,1,1,2004-08-31 12:35:00
"9/10/04","13:55",1355,9,10,2004,"JKL"," "," ","","","","","","","BCCSN",48.4809,-123.0716,"JKL","254","37","48.4809","-123.0716",1,1,1,1,1,2004-09-10 13:55:00
"9/16/04","",NA,9,16,2004,"JKL"," ","N","","","","","","","BCCSN",48.4809,-123.0716,"JKL","260","38","48.4809","-123.0716",1,1,1,1,1,NA
"10/1/04","13:30",1330,10,1,2004,"L"," ","SW","","","","","","","BCCSN",48.4809,-123.0716,"L","275","40","48.4809","-123.0716",0,0,1,1,1,2004-10-01 13:30:00
"7/19/05","12:00",1200,7,19,2005,"L12s"," "," ","","","","","","","BCCSN",48.4809,-123.0716,"L12s","200","29","48.4809","-123.0716",0,0,1,1,1,2005-07-19 12:00:00
"7/21/05","16:40",1640,7,21,2005,"L"," ","N","","","","","","","BCCSN",48.4809,-123.0716,"L","202","29","48.4809","-123.0716",0,0,1,1,1,2005-07-21 16:40:00
"8/9/05","",NA,8,9,2005,"JK"," "," ","","","","","","","BCCSN",48.4809,-123.0716,"JK","221","32","48.4809","-123.0716",1,1,0,1,1,NA
"8/30/05","12:00",1200,8,30,2005,"JK"," ","S","","","","","","","BCCSN",48.4809,-123.0716,"JK","242","35","48.4809","-123.0716",1,1,0,1,1,2005-08-30 12:00:00
"9/2/05","",NA,9,2,2005,"JKL"," ","N","","","","","","","BCCSN",48.4809,-123.0716,"JKL","245","35","48.4809","-123.0716",1,1,1,1,1,NA
"6/29/13","13:00",1300,6,29,2013,"L"," ","SE","","","","","","","BCCSN",48.481,-123.0728,"L","180","26","48.481","-123.0728",0,0,1,1,1,2013-06-29 13:00:00
"7/20/07","15:30",1530,7,20,2007,"JKL"," ","N","","","","","","","BCCSN",48.4811,-123.0956,"JKL","201","29","48.4811","-123.0956",1,1,1,1,1,2007-07-20 15:30:00
"8/5/06","11:15",1115,8,5,2006,"J"," "," ","","","","","","","BCCSN",48.4812,-123.0727,"J","217","31","48.4812","-123.0727",1,0,0,1,1,2006-08-05 11:15:00
"5/2/06","18:30",1830,5,2,2006,"J"," ","N","","","","","","","BCCSN",48.4813,-123.0949,"J","122","18","48.4813","-123.0949",1,0,0,1,1,2006-05-02 18:30:00
"7/7/04","16:30",1630,7,7,2004,"J"," ","N","","","","","","","BCCSN",48.4814,-123.0942,"J","189","28","48.4814","-123.0942",1,0,0,1,1,2004-07-07 16:30:00
"9/25/01","15:33",1533,9,25,2001,"JKL"," "," ","","","","","","","BCCSN",48.4815,-123.0789,"JKL","268","39","48.4815","-123.0789",1,1,1,1,1,2001-09-25 15:33:00
"9/13/02","10:09",1009,9,13,2002,"KL12s"," ","S","","","","","","","BCCSN",48.4816,-123.0945,"KL12s","256","37","48.4816","-123.0945",0,1,1,1,1,2002-09-13 10:09:00
"9/16/05","13:30",1330,9,16,2005,"JKL"," "," ","","","","","","","BCCSN",48.4816,-123.0944,"JKL","259","37","48.4816","-123.0944",1,1,1,1,1,2005-09-16 13:30:00
"5/9/04","7:00",700,5,9,2004,"J"," "," ","","","","","","","BCCSN",48.4819,-123.072,"J","130","19","48.4819","-123.072",1,0,0,1,1,2004-05-09 07:00:00
"6/3/13","14:15",1415,6,3,2013,"Lp","L12s","S","","184","48.4629","-123.1092","492000","5367800","TWM-SA-WW",48.4824,-123.1034,"L12s","154","23","48.4824","-123.1034",0,0,1,1,1,2013-06-03 14:15:00
"6/29/13","13:30",1330,6,29,2013,"L","","S","","184","48.4629","-123.1092","492000","5367800","TWM-SA-WW",48.4825,-123.1166,"L","180","26","48.4825","-123.1166",0,0,1,1,1,2013-06-29 13:30:00
"5/4/06","",NA,5,4,2006,"J"," "," ","","","","","","","BCCSN",48.4831,-123.0716,"J","124","18","48.4831","-123.0716",1,0,0,1,1,NA
"5/30/04","7:30",730,5,30,2004,"L"," ","W","","","","","","","BCCSN",48.4833,-124.2948,"L","151","22","48.4833","-124.2948",0,0,1,1,1,2004-05-30 07:30:00
"7/27/06","10:30",1030,7,27,2006,"J"," "," ","","","","","","","BCCSN",48.4833,-123.0833,"J","208","30","48.4833","-123.0833",1,0,0,1,1,2006-07-27 10:30:00
"6/22/13","13:05",1305,6,22,2013,"L12s"," "," ","","","","","","","BCCSN",48.4836,-123.0711,"L12s","173","25","48.4836","-123.0711",0,0,1,1,1,2013-06-22 13:05:00
"8/12/01","16:40",1640,8,12,2001,"Lp"," "," ","","","","","","","BCCSN",48.4838,-123.084,"Lp","224","32","48.4838","-123.084",0,0,1,1,1,2001-08-12 16:40:00
"9/17/01","",NA,9,17,2001,"L12s"," "," ","","","","","","","BCCSN",48.4843,-123.0742,"L12s","260","38","48.4843","-123.0742",0,0,1,1,1,NA
"7/6/06","9:00",900,7,6,2006,"KLp"," ","N","","","","","","","BCCSN",48.4845,-123.0719,"KLp","187","27","48.4845","-123.0719",0,1,1,1,1,2006-07-06 09:00:00
"6/16/09","13:00",1300,6,16,2009,"L12s"," "," ","","","","","","","BCCSN",48.4851,-123.07,"L12s","167","25","48.4851","-123.07",0,0,1,1,1,2009-06-16 13:00:00
"7/1/11","13:45",1345,7,1,2011,"JK"," ","SE","","","","","","","BCCSN",48.4862,-123.07,"JK","182","26","48.4862","-123.07",1,1,0,1,1,2011-07-01 13:45:00
"7/14/11","13:00",1300,7,14,2011,"J"," ","S","","","","","","","BCCSN",48.4862,-123.07,"J","195","28","48.4862","-123.07",1,0,0,1,1,2011-07-14 13:00:00
"7/15/11","13:00",1300,7,15,2011,"JL"," ","S","","","","","","","BCCSN",48.4862,-123.07,"JL","196","28","48.4862","-123.07",1,0,1,1,1,2011-07-15 13:00:00
"7/17/11","14:00",1400,7,17,2011,"SRs"," ","S","","","","","","","BCCSN",48.4862,-123.07,"SRs","198","28","48.4862","-123.07",0,0,0,1,1,2011-07-17 14:00:00
"7/20/07","16:20",1620,7,20,2007,"JKL"," ","N","","","","","","","BCCSN",48.4868,-124.471,"JKL","201","29","48.4868","-124.471",1,1,1,1,1,2007-07-20 16:20:00
"5/30/13","13:50",1350,5,30,2013,"J","","N","","181","48.5065","-123.1786","487000","5372600","TWM-SA-WW",48.4879,-123.1428,"J","150","22","48.4879","-123.1428",1,0,0,1,1,2013-05-30 13:50:00
"6/17/13","13:00",1300,6,17,2013,"L","","SW","","181","48.5065","-123.1786","487000","5372600","TWM-SA-WW",48.4901,-123.1107,"L","168","25","48.4901","-123.1107",0,0,1,1,1,2013-06-17 13:00:00
"9/3/13","11:30",1130,9,3,2013,"KL"," "," ","","","","","","","BCCSN",48.4928,-124.3772,"KL","246","36","48.4928","-124.3772",0,1,1,1,1,2013-09-03 11:30:00
"5/17/07","14:00",1400,5,17,2007,"J"," "," ","","","","","","","BCCSN",48.5,-124.8333,"J","137","20","48.5","-124.8333",1,0,0,1,1,2007-05-17 14:00:00
"7/8/13","14:45",1445,7,8,2013,"JKL?","JKL","N","","181","48.5065","-123.1786","487000","5372600","TWM-SA-WW",48.5005,-123.1483,"JKL","189","28","48.5005","-123.1483",1,1,1,1,1,2013-07-08 14:45:00
"8/15/13","14:15",1415,8,15,2013,"JKL","","S","","181","48.5065","-123.1786","487000","5372600","TWM-SA-WW",48.5071,-123.1643,"JKL","227","33","48.5071","-123.1643",1,1,1,1,1,2013-08-15 14:15:00
"8/22/06","16:30",1630,8,22,2006,"JKL"," "," ","","","","","","","BCCSN",48.5075,-124.5097,"JKL","234","34","48.5075","-124.5097",1,1,1,1,1,2006-08-22 16:30:00
"4/25/05","18:00",1800,4,25,2005,"J"," ","S","","","","","","","BCCSN",48.5123,-124.7802,"J","115","17","48.5123","-124.7802",1,0,0,1,1,2005-04-25 18:00:00
"4/28/04","20:30",2030,4,28,2004,"J"," ","W","","","","","","","BCCSN",48.5124,-123.1466,"J","119","18","48.5124","-123.1466",1,0,0,1,1,2004-04-28 20:30:00
"9/22/15","14:03",1403,9,22,2015,"Lp","","","","","","","","","SPOT",48.5127,-123.1744,"Lp","265","39","48.5127","-123.1744",0,0,1,1,1,2015-09-22 14:03:00
"6/20/02","",NA,6,20,2002,"JK"," ","N","","","","","","","BCCSN",48.5133,-124.4595,"JK","171","25","48.5133","-124.4595",1,1,0,1,1,NA
"8/22/05","17:15",1715,8,22,2005,"JL?"," "," ","","","","","","","BCCSN",48.5145,-124.4567,"JL?","234","34","48.5145","-124.4567",1,0,1,1,1,2005-08-22 17:15:00
"6/7/13","14:25",1425,6,7,2013,"J","","S then N","","181","48.5065","-123.1786","487000","5372600","TWM-SA-WW",48.5145,-123.1585,"J","158","23","48.5145","-123.1585",1,0,0,1,1,2013-06-07 14:25:00
"7/4/13","14:45",1445,7,4,2013,"Lp","","","","181","48.5065","-123.1786","487000","5372600","TWM-SA-WW",48.515,-123.1534,"Lp","185","27","48.515","-123.1534",0,0,1,1,1,2013-07-04 14:45:00
"8/15/13","12:50",1250,8,15,2013,"JKL","","S","","181","48.5065","-123.1786","487000","5372600","TWM-SA-WW",48.515,-123.1534,"JKL","227","33","48.515","-123.1534",1,1,1,1,1,2013-08-15 12:50:00
"6/12/03","",NA,6,12,2003,"L"," ","E","","","","","","","BCCSN",48.5153,-124.4388,"L","163","24","48.5153","-124.4388",0,0,1,1,1,NA
"7/20/13","14:40",1440,7,20,2013,"K","","S","","181","48.5065","-123.1786","487000","5372600","TWM-SA-WW",48.518,-123.1685,"K","201","29","48.518","-123.1685",0,1,0,1,1,2013-07-20 14:40:00
"8/4/07","16:15",1615,8,4,2007,"JK"," "," ","","","","","","","BCCSN",48.5204,-130.1783,"JK","216","31","48.5204","-130.1783",1,1,0,1,1,2007-08-04 16:15:00
"5/31/13","13:15",1315,5,31,2013,"J","","S","","181","48.5065","-123.1786","487000","5372600","TWM-SA-WW",48.5214,-123.1913,"J","151","22","48.5214","-123.1913",1,0,0,1,1,2013-05-31 13:15:00
"6/9/13","15:00",1500,6,9,2013,"J","","N","","181","48.5065","-123.1786","487000","5372600","TWM-SA-WW",48.5216,-123.1699,"J","160","23","48.5216","-123.1699",1,0,0,1,1,2013-06-09 15:00:00
"10/20/13","13:35",1335,10,20,2013,"JKL","","N","","181","48.5065","-123.1786","487000","5372600","TWM-SA-WW",48.5225,-123.1758,"JKL","293","42","48.5225","-123.1758",1,1,1,1,1,2013-10-20 13:35:00
"9/22/15","14:13",1413,9,22,2015,"Lp","","","","","","","","","SPOT",48.5251,-123.1787,"Lp","265","39","48.5251","-123.1787",0,0,1,1,1,2015-09-22 14:13:00
"9/7/15","14:05",1405,9,7,2015,"KpLp","","","","","","","","","SPOT",48.5253,-123.1882,"KpLp","250","37","48.5253","-123.1882",0,1,1,1,1,2015-09-07 14:05:00
"8/17/13","13:00",1300,8,17,2013,"SRs","Lp","S","","181","48.5065","-123.1786","487000","5372600","TWM-SA-WW",48.5262,-123.1718,"Lp","229","33","48.5262","-123.1718",0,0,1,1,1,2013-08-17 13:00:00
"9/22/15","14:23",1423,9,22,2015,"Lp","","","","","","","","","SPOT",48.5314,-123.1797,"Lp","265","39","48.5314","-123.1797",0,0,1,1,1,2015-09-22 14:23:00
"9/7/15","14:15",1415,9,7,2015,"KpLp","","","","","","","","","SPOT",48.5378,-123.1865,"KpLp","250","37","48.5378","-123.1865",0,1,1,1,1,2015-09-07 14:15:00
"9/22/15","14:33",1433,9,22,2015,"Lp","","","","","","","","","SPOT",48.5385,-123.1856,"Lp","265","39","48.5385","-123.1856",0,0,1,1,1,2015-09-22 14:33:00
"3/25/07","14:15",1415,3,25,2007,"J"," ","S","","","","","","","BCCSN",48.5408,-123.0125,"J","084","12","48.5408","-123.0125",1,0,0,1,1,2007-03-25 14:15:00
"10/20/13","13:40",1340,10,20,2013,"JKL","","N","","176","48.5602","-123.2168","484200","5378600","TWM-SA-WW",48.5417,-123.1755,"JKL","293","42","48.5417","-123.1755",1,1,1,1,1,2013-10-20 13:40:00
"9/7/15","14:25",1425,9,7,2015,"KpLp","","","","","","","","","SPOT",48.5425,-123.1882,"KpLp","250","37","48.5425","-123.1882",0,1,1,1,1,2015-09-07 14:25:00
"10/15/15","16:00",1600,10,15,2015,"Jp","","","","","","","","","SPOT",48.5432,-123.182,"Jp","288","42","48.5432","-123.182",1,0,0,1,1,2015-10-15 16:00:00
"9/7/15","14:35",1435,9,7,2015,"KpLp","","","","","","","","","SPOT",48.5452,-123.1867,"KpLp","250","37","48.5452","-123.1867",0,1,1,1,1,2015-09-07 14:35:00
"9/7/15","14:45",1445,9,7,2015,"KpLp","","","","","","","","","SPOT",48.5479,-123.1844,"KpLp","250","37","48.5479","-123.1844",0,1,1,1,1,2015-09-07 14:45:00
"6/8/13","13:15",1315,6,8,2013,"J","","N","","176","48.5602","-123.2168","484200","5378600","TWM-SA-WW",48.5483,-123.1742,"J","159","23","48.5483","-123.1742",1,0,0,1,1,2013-06-08 13:15:00
"10/15/15","16:09",1609,10,15,2015,"Jp","","","","","","","","","SPOT",48.5487,-123.184,"Jp","288","42","48.5487","-123.184",1,0,0,1,1,2015-10-15 16:09:00
"9/22/15","14:43",1443,9,22,2015,"Lp","","","","","","","","","SPOT",48.5501,-123.1902,"Lp","265","39","48.5501","-123.1902",0,0,1,1,1,2015-09-22 14:43:00
"6/9/13","13:30",1330,6,9,2013,"J","","N","","176","48.5602","-123.2168","484200","5378600","TWM-SA-WW",48.5505,-123.1717,"J","160","23","48.5505","-123.1717",1,0,0,1,1,2013-06-09 13:30:00
"8/23/06","",NA,8,23,2006,"JKL"," "," ","","","","","","","BCCSN",48.5569,-124.4312,"JKL","235","34","48.5569","-124.4312",1,1,1,1,1,NA
"10/15/15","16:19",1619,10,15,2015,"Jp","","","","","","","","","SPOT",48.5584,-123.1849,"Jp","288","42","48.5584","-123.1849",1,0,0,1,1,2015-10-15 16:19:00
"10/15/15","16:29",1629,10,15,2015,"Jp","","","","","","","","","SPOT",48.5585,-123.1833,"Jp","288","42","48.5585","-123.1833",1,0,0,1,1,2015-10-15 16:29:00
"10/15/15","16:39",1639,10,15,2015,"Jp","","","","","","","","","SPOT",48.5588,-123.1813,"Jp","288","42","48.5588","-123.1813",1,0,0,1,1,2015-10-15 16:39:00
"6/4/13","13:45",1345,6,4,2013,"J","","N","","176","48.5602","-123.2168","484200","5378600","TWM-SA-WW",48.5632,-123.1971,"J","155","23","48.5632","-123.1971",1,0,0,1,1,2013-06-04 13:45:00
"9/22/15","14:53",1453,9,22,2015,"Lp","","","","","","","","","SPOT",48.5644,-123.192,"Lp","265","39","48.5644","-123.192",0,0,1,1,1,2015-09-22 14:53:00
"10/15/15","16:49",1649,10,15,2015,"Jp","","","","","","","","","SPOT",48.5655,-123.1846,"Jp","288","42","48.5655","-123.1846",1,0,0,1,1,2015-10-15 16:49:00
"6/18/13","12:00",1200,6,18,2013,"L","","S","","176","48.5602","-123.2168","484200","5378600","TWM-SA-WW",48.5662,-123.2492,"L","169","25","48.5662","-123.2492",0,0,1,1,1,2013-06-18 12:00:00
"6/9/13","14:45",1445,6,9,2013,"J","","N","","176","48.5602","-123.2168","484200","5378600","TWM-SA-WW",48.568,-123.1833,"J","160","23","48.568","-123.1833",1,0,0,1,1,2013-06-09 14:45:00
"10/15/15","16:59",1659,10,15,2015,"Jp","","","","","","","","","SPOT",48.57,-123.1909,"Jp","288","42","48.57","-123.1909",1,0,0,1,1,2015-10-15 16:59:00
"9/4/15","13:25",1325,9,4,2015,"KpLp","","","","","","","","","SPOT",48.573,-123.1843,"KpLp","247","36","48.573","-123.1843",0,1,1,1,1,2015-09-04 13:25:00
"8/18/15","17:39",1739,8,18,2015,"JKLp","","","","","","","","","SPOT",48.5735,-123.1928,"JKLp","230","34","48.5735","-123.1928",1,1,1,1,1,2015-08-18 17:39:00
"8/18/15","17:49",1749,8,18,2015,"JKLp","","","","","","","","","SPOT",48.5736,-123.1874,"JKLp","230","34","48.5736","-123.1874",1,1,1,1,1,2015-08-18 17:49:00
"8/22/15","10:28",1028,8,22,2015,"JKLp","","","","","","","","","SPOT",48.5736,-123.1765,"JKLp","234","34","48.5736","-123.1765",1,1,1,1,1,2015-08-22 10:28:00
"10/15/15","17:09",1709,10,15,2015,"Jp","","","","","","","","","SPOT",48.5737,-123.1955,"Jp","288","42","48.5737","-123.1955",1,0,0,1,1,2015-10-15 17:09:00
"8/18/15","17:59",1759,8,18,2015,"JKLp","","","","","","","","","SPOT",48.5754,-123.1875,"JKLp","230","34","48.5754","-123.1875",1,1,1,1,1,2015-08-18 17:59:00
"10/15/15","17:19",1719,10,15,2015,"Jp","","","","","","","","","SPOT",48.5762,-123.2033,"Jp","288","42","48.5762","-123.2033",1,0,0,1,1,2015-10-15 17:19:00
"9/4/15","13:35",1335,9,4,2015,"KpLp","","","","","","","","","SPOT",48.5774,-123.2013,"KpLp","247","36","48.5774","-123.2013",0,1,1,1,1,2015-09-04 13:35:00
"9/4/15","14:25",1425,9,4,2015,"KpLp","","","","","","","","","SPOT",48.5783,-123.2046,"KpLp","247","36","48.5783","-123.2046",0,1,1,1,1,2015-09-04 14:25:00
"8/18/15","17:19",1719,8,18,2015,"JKLp","","","","","","","","","SPOT",48.579,-123.1954,"JKLp","230","34","48.579","-123.1954",1,1,1,1,1,2015-08-18 17:19:00
"9/22/15","15:03",1503,9,22,2015,"Lp","","","","","","","","","SPOT",48.5799,-123.1982,"Lp","265","39","48.5799","-123.1982",0,0,1,1,1,2015-09-22 15:03:00
"8/18/15","18:09",1809,8,18,2015,"JKLp","","","","","","","","","SPOT",48.5802,-123.197,"JKLp","230","34","48.5802","-123.197",1,1,1,1,1,2015-08-18 18:09:00
"6/7/13","14:30",1430,6,7,2013,"J","","S then N","","176","48.5602","-123.2168","484200","5378600","TWM-SA-WW",48.581,-123.1979,"J","158","23","48.581","-123.1979",1,0,0,1,1,2013-06-07 14:30:00
"8/23/15","15:11",1511,8,23,2015,"JKLp","","","","","","","","","SPOT",48.5811,-123.204,"JKLp","235","34","48.5811","-123.204",1,1,1,1,1,2015-08-23 15:11:00
"8/23/15","15:21",1521,8,23,2015,"JKLp","","","","","","","","","SPOT",48.5813,-123.1961,"JKLp","235","34","48.5813","-123.1961",1,1,1,1,1,2015-08-23 15:21:00
"9/4/15","14:35",1435,9,4,2015,"KpLp","","","","","","","","","SPOT",48.5814,-123.1962,"KpLp","247","36","48.5814","-123.1962",0,1,1,1,1,2015-09-04 14:35:00
"8/23/15","14:41",1441,8,23,2015,"JKLp","","","","","","","","","SPOT",48.5816,-123.1973,"JKLp","235","34","48.5816","-123.1973",1,1,1,1,1,2015-08-23 14:41:00
"8/22/15","10:37",1037,8,22,2015,"JKLp","","","","","","","","","SPOT",48.582,-123.1879,"JKLp","234","34","48.582","-123.1879",1,1,1,1,1,2015-08-22 10:37:00
"6/17/04","",NA,6,17,2004,"L"," "," ","","","","","","","BCCSN",48.5826,-124.752,"L","169","25","48.5826","-124.752",0,0,1,1,1,NA
"8/22/15","10:47",1047,8,22,2015,"JKLp","","","","","","","","","SPOT",48.5828,-123.1984,"JKLp","234","34","48.5828","-123.1984",1,1,1,1,1,2015-08-22 10:47:00
"8/23/15","14:51",1451,8,23,2015,"JKLp","","","","","","","","","SPOT",48.5828,-123.1967,"JKLp","235","34","48.5828","-123.1967",1,1,1,1,1,2015-08-23 14:51:00
"9/4/15","13:45",1345,9,4,2015,"KpLp","","","","","","","","","SPOT",48.5828,-123.2004,"KpLp","247","36","48.5828","-123.2004",0,1,1,1,1,2015-09-04 13:45:00
"9/22/15","15:23",1523,9,22,2015,"Lp","","","","","","","","","SPOT",48.5833,-123.205,"Lp","265","39","48.5833","-123.205",0,0,1,1,1,2015-09-22 15:23:00
"9/22/15","15:13",1513,9,22,2015,"Lp","","","","","","","","","SPOT",48.5834,-123.2034,"Lp","265","39","48.5834","-123.2034",0,0,1,1,1,2015-09-22 15:13:00
"8/23/15","15:01",1501,8,23,2015,"JKLp","","","","","","","","","SPOT",48.5837,-123.2035,"JKLp","235","34","48.5837","-123.2035",1,1,1,1,1,2015-08-23 15:01:00
"9/4/15","13:55",1355,9,4,2015,"KpLp","","","","","","","","","SPOT",48.5838,-123.2032,"KpLp","247","36","48.5838","-123.2032",0,1,1,1,1,2015-09-04 13:55:00
"8/18/15","17:29",1729,8,18,2015,"JKLp","","","","","","","","","SPOT",48.5852,-123.2015,"JKLp","230","34","48.5852","-123.2015",1,1,1,1,1,2015-08-18 17:29:00
"8/22/15","10:59",1059,8,22,2015,"JKLp","","","","","","","","","SPOT",48.5852,-123.2054,"JKLp","234","34","48.5852","-123.2054",1,1,1,1,1,2015-08-22 10:59:00
"9/4/15","14:05",1405,9,4,2015,"KpLp","","","","","","","","","SPOT",48.588,-123.2112,"KpLp","247","36","48.588","-123.2112",0,1,1,1,1,2015-09-04 14:05:00
"8/18/15","18:19",1819,8,18,2015,"JKLp","","","","","","","","","SPOT",48.5883,-123.2046,"JKLp","230","34","48.5883","-123.2046",1,1,1,1,1,2015-08-18 18:19:00
"6/29/13","12:35",1235,6,29,2013,"L","","N then S","","176","48.5602","-123.2168","484200","5378600","TWM-SA-WW",48.5885,-123.1904,"L","180","26","48.5885","-123.1904",0,0,1,1,1,2013-06-29 12:35:00
"8/22/15","11:08",1108,8,22,2015,"JKLp","","","","","","","","","SPOT",48.5895,-123.2083,"JKLp","234","34","48.5895","-123.2083",1,1,1,1,1,2015-08-22 11:08:00
"5/31/04","8:30",830,5,31,2004,"J"," "," ","","","","","","","BCCSN",48.5899,-123.1893,"J","152","23","48.5899","-123.1893",1,0,0,1,1,2004-05-31 08:30:00
"6/3/04","10:15",1015,6,3,2004,"J"," ","S","","","","","","","BCCSN",48.5899,-123.1893,"J","155","23","48.5899","-123.1893",1,0,0,1,1,2004-06-03 10:15:00
"6/4/04","9:30",930,6,4,2004,"J"," ","S","","","","","","","BCCSN",48.5899,-123.1893,"J","156","23","48.5899","-123.1893",1,0,0,1,1,2004-06-04 09:30:00
"6/9/04","",NA,6,9,2004,"J"," ","N","","","","","","","BCCSN",48.5899,-123.1893,"J","161","24","48.5899","-123.1893",1,0,0,1,1,NA
"6/14/04","14:30",1430,6,14,2004,"J"," "," ","","","","","","","BCCSN",48.5899,-123.1893,"J","166","25","48.5899","-123.1893",1,0,0,1,1,2004-06-14 14:30:00
"7/7/04","",NA,7,7,2004,"JL"," "," ","","","","","","","BCCSN",48.5899,-123.1893,"JL","189","28","48.5899","-123.1893",1,0,1,1,1,NA
"7/9/04","7:30",730,7,9,2004,"JL"," ","N","","","","","","","BCCSN",48.5899,-123.1893,"JL","191","28","48.5899","-123.1893",1,0,1,1,1,2004-07-09 07:30:00
"7/1/02","21:00",2100,7,1,2002,"JKL"," ","N","","","","","","","BCCSN",48.5903,-123.19,"JKL","182","27","48.5903","-123.19",1,1,1,1,1,2002-07-01 21:00:00
"6/23/02","12:55",1255,6,23,2002,"L"," ","N","","","","","","","BCCSN",48.5904,-123.1894,"L","174","25","48.5904","-123.1894",0,0,1,1,1,2002-06-23 12:55:00
"4/10/07","9:00",900,4,10,2007,"J"," ","N","","","","","","","BCCSN",48.5904,-123.1911,"J","100","15","48.5904","-123.1911",1,0,0,1,1,2007-04-10 09:00:00
"8/23/15","14:31",1431,8,23,2015,"JKLp","","","","","","","","","SPOT",48.5904,-123.2105,"JKLp","235","34","48.5904","-123.2105",1,1,1,1,1,2015-08-23 14:31:00
"4/10/07","9:35",935,4,10,2007,"J"," ","N","","","","","","","BCCSN",48.5905,-123.1882,"J","100","15","48.5905","-123.1882",1,0,0,1,1,2007-04-10 09:35:00
"4/7/03","7:45",745,4,7,2003,"J"," ","S","","","","","","","BCCSN",48.5908,-123.1888,"J","097","15","48.5908","-123.1888",1,0,0,1,1,2003-04-07 07:45:00
"8/18/15","18:29",1829,8,18,2015,"JKLp","","","","","","","","","SPOT",48.5908,-123.2062,"JKLp","230","34","48.5908","-123.2062",1,1,1,1,1,2015-08-18 18:29:00
"10/15/15","17:29",1729,10,15,2015,"Jp","","","","","","","","","SPOT",48.5908,-123.2072,"Jp","288","42","48.5908","-123.2072",1,0,0,1,1,2015-10-15 17:29:00
"7/20/04","6:30",630,7,20,2004,"JK"," "," ","","","","","","","BCCSN",48.5912,-123.1891,"JK","202","30","48.5912","-123.1891",1,1,0,1,1,2004-07-20 06:30:00
"9/4/15","14:15",1415,9,4,2015,"KpLp","","","","","","","","","SPOT",48.5926,-123.2091,"KpLp","247","36","48.5926","-123.2091",0,1,1,1,1,2015-09-04 14:15:00
"6/7/06","13:30",1330,6,7,2006,"J"," ","N","","","","","","","BCCSN",48.5928,-123.1779,"J","158","23","48.5928","-123.1779",1,0,0,1,1,2006-06-07 13:30:00
"4/22/03","9:30",930,4,22,2003,"J"," ","N","","","","","","","BCCSN",48.5936,-123.1872,"J","112","17","48.5936","-123.1872",1,0,0,1,1,2003-04-22 09:30:00
"10/15/15","17:39",1739,10,15,2015,"Jp","","","","","","","","","SPOT",48.5985,-123.2095,"Jp","288","42","48.5985","-123.2095",1,0,0,1,1,2015-10-15 17:39:00
"8/22/15","11:17",1117,8,22,2015,"JKLp","","","","","","","","","SPOT",48.5987,-123.2097,"JKLp","234","34","48.5987","-123.2097",1,1,1,1,1,2015-08-22 11:17:00
"5/25/03","12:00",1200,5,25,2003,"J"," ","N","","","","","","","BCCSN",48.6,-123.1833,"J","145","21","48.6","-123.1833",1,0,0,1,1,2003-05-25 12:00:00
"7/8/06","15:30",1530,7,8,2006,"K"," "," ","","","","","","","BCCSN",48.6,-123.1833,"K","189","27","48.6","-123.1833",0,1,0,1,1,2006-07-08 15:30:00
"8/18/15","18:39",1839,8,18,2015,"JKLp","","","","","","","","","SPOT",48.6027,-123.2074,"JKLp","230","34","48.6027","-123.2074",1,1,1,1,1,2015-08-18 18:39:00
"8/22/15","11:27",1127,8,22,2015,"JKLp","","","","","","","","","SPOT",48.608,-123.2105,"JKLp","234","34","48.608","-123.2105",1,1,1,1,1,2015-08-22 11:27:00
"8/18/15","18:49",1849,8,18,2015,"JKLp","","","","","","","","","SPOT",48.6096,-123.2065,"JKLp","230","34","48.6096","-123.2065",1,1,1,1,1,2015-08-18 18:49:00
"8/23/15","14:21",1421,8,23,2015,"JKLp","","","","","","","","","SPOT",48.6114,-123.2138,"JKLp","235","34","48.6114","-123.2138",1,1,1,1,1,2015-08-23 14:21:00
"8/22/15","11:37",1137,8,22,2015,"JKLp","","","","","","","","","SPOT",48.6171,-123.2085,"JKLp","234","34","48.6171","-123.2085",1,1,1,1,1,2015-08-22 11:37:00
"8/18/15","18:59",1859,8,18,2015,"JKLp","","","","","","","","","SPOT",48.6175,-123.2042,"JKLp","230","34","48.6175","-123.2042",1,1,1,1,1,2015-08-18 18:59:00
"8/1/02","",NA,8,1,2002,"L12s"," "," ","","","","","","","BCCSN",48.6238,-125.2577,"L12s","213","31","48.6238","-125.2577",0,0,1,1,1,NA
"8/23/15","14:12",1412,8,23,2015,"JKLp","","","","","","","","","SPOT",48.624,-123.2133,"JKLp","235","34","48.624","-123.2133",1,1,1,1,1,2015-08-23 14:12:00
"6/1/13","14:00",1400,6,1,2013,"JL12s","","N","","175","48.6089","-123.2403","482500","5384000","TWM-SA-WW",48.6244,-123.2094,"JL12s","152","22","48.6244","-123.2094",1,0,1,1,1,2013-06-01 14:00:00
"8/18/15","19:09",1909,8,18,2015,"JKLp","","","","","","","","","SPOT",48.6258,-123.2067,"JKLp","230","34","48.6258","-123.2067",1,1,1,1,1,2015-08-18 19:09:00
"8/22/15","11:47",1147,8,22,2015,"JKLp","","","","","","","","","SPOT",48.6281,-123.2006,"JKLp","234","34","48.6281","-123.2006",1,1,1,1,1,2015-08-22 11:47:00
"6/12/11","12:00",1200,6,12,2011,"J"," ","NW","","","","","","","BCCSN",48.6304,-122.9571,"J","163","23","48.6304","-122.9571",1,0,0,1,1,2011-06-12 12:00:00
"8/18/15","19:19",1919,8,18,2015,"JKLp","","","","","","","","","SPOT",48.6349,-123.2131,"JKLp","230","34","48.6349","-123.2131",1,1,1,1,1,2015-08-18 19:19:00
"8/22/15","11:58",1158,8,22,2015,"JKLp","","","","","","","","","SPOT",48.6372,-123.2038,"JKLp","234","34","48.6372","-123.2038",1,1,1,1,1,2015-08-22 11:58:00
"7/10/13","12:00",1200,7,10,2013,"JK","","N","","170","48.6562","-123.2430","482300","5389300","TWM-SA-WW",48.6378,-123.2084,"JK","191","28","48.6378","-123.2084",1,1,0,1,1,2013-07-10 12:00:00
"8/22/15","12:07",1207,8,22,2015,"JKLp","","","","","","","","","SPOT",48.6443,-123.2106,"JKLp","234","34","48.6443","-123.2106",1,1,1,1,1,2015-08-22 12:07:00
"8/22/15","12:17",1217,8,22,2015,"JKLp","","","","","","","","","SPOT",48.6564,-123.2181,"JKLp","234","34","48.6564","-123.2181",1,1,1,1,1,2015-08-22 12:17:00
"8/22/15","12:27",1227,8,22,2015,"JKLp","","","","","","","","","SPOT",48.6646,-123.2263,"JKLp","234","34","48.6646","-123.2263",1,1,1,1,1,2015-08-22 12:27:00
"9/15/13","15:30",1530,9,15,2013,"JKL","JpKpLp","N","","170","48.6562","-123.2430","482300","5389300","TWM-SA-WW",48.67,-123.228,"JpKpLp","258","37","48.67","-123.228",1,1,1,1,1,2013-09-15 15:30:00
"5/29/02","",NA,5,29,2002,"L"," "," ","","","","","","","BCCSN",48.7008,-125.4281,"L","149","22","48.7008","-125.4281",0,0,1,1,1,NA
"8/30/01","15:22",1522,8,30,2001,"JKL"," "," ","","","","","","","BCCSN",48.704,-123.2953,"JKL","242","35","48.704","-123.2953",1,1,1,1,1,2001-08-30 15:22:00
"6/23/05","15:45",1545,6,23,2005,"J"," "," ","","","","","","","BCCSN",48.7125,-122.8742,"J","174","25","48.7125","-122.8742",1,0,0,1,1,2005-06-23 15:45:00
"7/10/13","13:30",1330,7,10,2013,"JK","","","","164","48.7077","-123.2026","485200","5395000","TWM-SA-WW",48.7158,-123.2094,"JK","191","28","48.7158","-123.2094",1,1,0,1,1,2013-07-10 13:30:00
"7/20/13","12:00",1200,7,20,2013,"K","","W","","164","48.7077","-123.2026","485200","5395000","TWM-SA-WW",48.7187,-123.1842,"K","201","29","48.7187","-123.1842",0,1,0,1,1,2013-07-20 12:00:00
"9/4/11","15:00",1500,9,4,2011,"SRs"," ","NW","","","","","","","BCCSN",48.7338,-123.1849,"SRs","247","35","48.7338","-123.1849",0,0,0,1,1,2011-09-04 15:00:00
"5/6/12","12:30",1230,5,6,2012,"JKL"," ","NW","","","","","","","BCCSN",48.7367,-123.2283,"JKL","127","18","48.7367","-123.2283",1,1,1,1,1,2012-05-06 12:30:00
"7/21/09","15:30",1530,7,21,2009,"KL"," "," ","","","","","","","BCCSN",48.7517,-123.1855,"KL","202","30","48.7517","-123.1855",0,1,1,1,1,2009-07-21 15:30:00
"5/12/02","19:23",1923,5,12,2002,"L"," ","NW","","","","","","","BCCSN",48.757,-125.641,"L","132","19","48.757","-125.641",0,0,1,1,1,2002-05-12 19:23:00
"5/29/04","11:50",1150,5,29,2004,"L"," "," ","","","","","","","BCCSN",48.7641,-123.0933,"L","150","22","48.7641","-123.0933",0,0,1,1,1,2004-05-29 11:50:00
"3/13/04","16:00",1600,3,13,2004,"J"," "," ","","","","","","","BCCSN",48.7643,-123.0927,"J","073","11","48.7643","-123.0927",1,0,0,1,1,2004-03-13 16:00:00
"6/12/01","11:22",1122,6,12,2001,"K"," ","S","","","","","","","BCCSN",48.7678,-123.3084,"K","163","24","48.7678","-123.3084",0,1,0,1,1,2001-06-12 11:22:00
"5/31/10","19:00",1900,6,0,2010,"J"," ","W","","","","","","","BCCSN",48.7838,-123.0439,"J",NA,NA,"48.7838","-123.0439",1,0,0,1,1,2010-05-31 19:00:00
"7/26/09","21:00",2100,7,26,2009,"J"," ","E","","","","","","","BCCSN",48.784,-123.044,"J","207","30","48.784","-123.044",1,0,0,1,1,2009-07-26 21:00:00
"7/27/09","8:00",800,7,27,2009,"J"," ","W","","","","","","","BCCSN",48.784,-123.044,"J","208","31","48.784","-123.044",1,0,0,1,1,2009-07-27 08:00:00
"8/9/09","",NA,8,9,2009,"J"," "," ","","","","","","","BCCSN",48.784,-123.0439,"J","221","32","48.784","-123.0439",1,0,0,1,1,NA
"9/12/09","15:00",1500,9,12,2009,"J"," ","E","","","","","","","BCCSN",48.784,-123.0439,"J","255","37","48.784","-123.0439",1,0,0,1,1,2009-09-12 15:00:00
"9/26/09","21:00",2100,9,26,2009,"J?"," "," ","","","","","","","BCCSN",48.784,-123.0439,"J?","269","39","48.784","-123.0439",1,0,0,1,1,2009-09-26 21:00:00
"10/4/03","18:25",1825,10,4,2003,"JL"," ","E","","","","","","","BCCSN",48.7854,-123.0474,"JL","277","40","48.7854","-123.0474",1,0,1,1,1,2003-10-04 18:25:00
"4/14/03","16:30",1630,4,14,2003,"J"," ","SW","","","","","","","BCCSN",48.7865,-123.044,"J","104","16","48.7865","-123.044",1,0,0,1,1,2003-04-14 16:30:00
"4/30/03","9:15",915,4,30,2003,"J"," ","W","","","","","","","BCCSN",48.7865,-123.044,"J","120","18","48.7865","-123.044",1,0,0,1,1,2003-04-30 09:15:00
"5/7/03","14:30",1430,5,7,2003,"J"," ","E","","","","","","","BCCSN",48.7865,-123.044,"J","127","19","48.7865","-123.044",1,0,0,1,1,2003-05-07 14:30:00
"5/25/03","15:15",1515,5,25,2003,"J"," ","E","","","","","","","BCCSN",48.7865,-123.044,"J","145","21","48.7865","-123.044",1,0,0,1,1,2003-05-25 15:15:00
"5/31/03","17:50",1750,5,31,2003,"J"," ","E","","","","","","","BCCSN",48.7865,-123.044,"J","151","22","48.7865","-123.044",1,0,0,1,1,2003-05-31 17:50:00
"6/4/03","18:15",1815,6,4,2003,"J"," ","E","","","","","","","BCCSN",48.7865,-123.044,"J","155","23","48.7865","-123.044",1,0,0,1,1,2003-06-04 18:15:00
"6/10/03","8:00",800,6,10,2003,"SRs"," ","W","","","","","","","BCCSN",48.7865,-123.044,"SRs","161","24","48.7865","-123.044",0,0,0,1,1,2003-06-10 08:00:00
"6/19/03","13:50",1350,6,19,2003,"J"," ","W","","","","","","","BCCSN",48.7865,-123.044,"J","170","25","48.7865","-123.044",1,0,0,1,1,2003-06-19 13:50:00
"6/26/03","14:45",1445,6,26,2003,"J"," ","W","","","","","","","BCCSN",48.7865,-123.044,"J","177","26","48.7865","-123.044",1,0,0,1,1,2003-06-26 14:45:00
"6/29/03","21:00",2100,6,29,2003,"K"," ","W","","","","","","","BCCSN",48.7865,-123.044,"K","180","26","48.7865","-123.044",0,1,0,1,1,2003-06-29 21:00:00
"7/2/03","13:30",1330,7,2,2003,"JK?"," ","W","","","","","","","BCCSN",48.7865,-123.044,"JK?","183","27","48.7865","-123.044",1,1,0,1,1,2003-07-02 13:30:00
"7/10/03","7:50",750,7,10,2003,"J"," ","W","","","","","","","BCCSN",48.7865,-123.044,"J","191","28","48.7865","-123.044",1,0,0,1,1,2003-07-10 07:50:00
"7/14/03","8:30",830,7,14,2003,"JK"," ","W","","","","","","","BCCSN",48.7865,-123.044,"JK","195","29","48.7865","-123.044",1,1,0,1,1,2003-07-14 08:30:00
"7/23/03","12:10",1210,7,23,2003,"J"," ","W","","","","","","","BCCSN",48.7865,-123.044,"J","204","30","48.7865","-123.044",1,0,0,1,1,2003-07-23 12:10:00
"8/4/03","10:15",1015,8,4,2003,"J"," ","SW","","","","","","","BCCSN",48.7865,-123.044,"J","216","32","48.7865","-123.044",1,0,0,1,1,2003-08-04 10:15:00
"8/21/03","18:45",1845,8,21,2003,"J"," ","W","","","","","","","BCCSN",48.7865,-123.044,"J","233","34","48.7865","-123.044",1,0,0,1,1,2003-08-21 18:45:00
"9/20/03","13:30",1330,9,20,2003,"L"," ","E","","","","","","","BCCSN",48.7865,-123.044,"L","263","38","48.7865","-123.044",0,0,1,1,1,2003-09-20 13:30:00
"9/20/03","",NA,9,20,2003,"L"," "," ","","","","","","","BCCSN",48.7865,-123.044,"L","263","38","48.7865","-123.044",0,0,1,1,1,NA
"6/23/04","",NA,6,23,2004,"J"," ","S","","","","","","","BCCSN",48.7865,-123.044,"J","175","26","48.7865","-123.044",1,0,0,1,1,NA
"9/4/11","13:30",1330,9,4,2011,"JK"," ","E","","","","","","","BCCSN",48.7875,-123.0584,"JK","247","35","48.7875","-123.0584",1,1,0,1,1,2011-09-04 13:30:00
"7/22/06","16:15",1615,7,22,2006,"J"," ","E","","","","","","","BCCSN",48.7876,-123.0636,"J","203","29","48.7876","-123.0636",1,0,0,1,1,2006-07-22 16:15:00
"5/1/02","15:00",1500,5,1,2002,"J"," ","SW","","","","","","","BCCSN",48.7877,-123.0491,"J","121","18","48.7877","-123.0491",1,0,0,1,1,2002-05-01 15:00:00
"8/31/09","15:00",1500,8,31,2009,"JK"," ","N","","","","","","","BCCSN",48.792,-123.2547,"JK","243","36","48.792","-123.2547",1,1,0,1,1,2009-08-31 15:00:00
"8/11/13","12:05",1205,8,11,2013,"JKL","","NE","","141","48.8064","-123.0293","497800","5406000","TWM-SA-WW",48.7948,-123.026,"JKL","223","32","48.7948","-123.026",1,1,1,1,1,2013-08-11 12:05:00
"7/19/13","12:10",1210,7,19,2013,"KL","","E","","141","48.8064","-123.0293","497800","5406000","TWM-SA-WW",48.8062,-123.0085,"KL","200","29","48.8062","-123.0085",0,1,1,1,1,2013-07-19 12:10:00
"7/22/06","15:15",1515,7,22,2006,"J"," "," ","","","","","","","BCCSN",48.8167,-123.1809,"J","203","29","48.8167","-123.1809",1,0,0,1,1,2006-07-22 15:15:00
"7/19/13","13:00",1300,7,19,2013,"KL","","E","","122","48.8790","-123.4484","467400","5414000","TWM-SA-WW",48.8286,-123.4336,"KL","200","29","48.8286","-123.4336",0,1,1,1,1,2013-07-19 13:00:00
"6/4/13","14:40",1440,6,4,2013,"J","","N","","137","48.8390","-123.0969","492900","5409600","TWM-SA-WW",48.8324,-123.1025,"J","155","23","48.8324","-123.1025",1,0,0,1,1,2013-06-04 14:40:00
"7/28/04","17:06",1706,7,28,2004,"JKL"," "," ","","","","","","","BCCSN",48.833,-128.3392,"JKL","210","31","48.833","-128.3392",1,1,1,1,1,2004-07-28 17:06:00
"2/27/03","",NA,2,27,2003,"SRs?"," "," ","","","","","","","BCCSN",48.839,-125.283,"SRs?","058","09","48.839","-125.283",0,0,0,1,1,NA
"8/11/13","12:50",1250,8,11,2013,"JKL","","NW","","136","48.8395","-123.0297","497800","5409600","TWM-SA-WW",48.8543,-123.0414,"JKL","223","32","48.8543","-123.0414",1,1,1,1,1,2013-08-11 12:50:00
"6/29/06","15:15",1515,6,29,2006,"K"," "," ","","","","","","","BCCSN",48.8562,-123.3256,"K","180","26","48.8562","-123.3256",0,1,0,1,1,2006-06-29 15:15:00
"4/30/04","17:30",1730,4,30,2004,"J"," "," ","","","","","","","BCCSN",48.8623,-122.7505,"J","121","18","48.8623","-122.7505",1,0,0,1,1,2004-04-30 17:30:00
"5/13/04","12:30",1230,5,13,2004,"J"," ","S","","","","","","","BCCSN",48.8623,-122.7505,"J","134","20","48.8623","-122.7505",1,0,0,1,1,2004-05-13 12:30:00
"8/25/13","11:40",1140,8,25,2013,"JK","JKLp","E","","124","48.8866","-123.2950","478500","5414900","TWM-SA-WW",48.873,-123.3092,"JKLp","237","34","48.873","-123.3092",1,1,1,1,1,2013-08-25 11:40:00
"6/23/03","",NA,6,23,2003,"JK"," "," ","","","","","","","BCCSN",48.874,-123.0397,"JK","174","26","48.874","-123.0397",1,1,0,1,1,NA
"7/4/10","15:57",1557,7,4,2010,"SRs"," "," ","","","","","","","BCCSN",48.8917,-123.3376,"SRs","185","26","48.8917","-123.3376",0,0,0,1,1,2010-07-04 15:57:00
"7/9/13","12:50",1250,7,9,2013,"JK","","SW","","110","48.9277","-122.8970","507400","5419400","TWM-SA-WW",48.9075,-122.9097,"JK","190","28","48.9075","-122.9097",1,1,0,1,1,2013-07-09 12:50:00
"7/30/02","11:00",1100,7,30,2002,"SRs?"," "," ","","","","","","","BCCSN",48.921,-125.5164,"SRs?","211","31","48.921","-125.5164",0,0,0,1,1,2002-07-30 11:00:00
"3/9/06","",NA,3,9,2006,"SRs?"," "," ","","","","","","","BCCSN",48.9333,-125.0383,"SRs?","068","10","48.9333","-125.0383",0,0,0,1,1,NA
"7/12/13","11:05",1105,7,12,2013,"L"," ","W","","","","","","","BCCSN",48.9408,-125.3792,"L","193","28","48.9408","-125.3792",0,0,1,1,1,2013-07-12 11:05:00
"9/14/13","12:25",1225,9,14,2013,"JKL","","S","","113","48.9269","-123.0964","492900","5419400","TWM-SA-WW",48.941,-123.086,"JKL","257","37","48.941","-123.086",1,1,1,1,1,2013-09-14 12:25:00
"7/9/13","11:30",1130,7,9,2013,"JK","","SE","","112","48.9271","-123.0291","497800","5419400","TWM-SA-WW",48.943,-123.0112,"JK","190","28","48.943","-123.0112",1,1,0,1,1,2013-07-09 11:30:00
"9/14/13","13:30",1330,9,14,2013,"JKL","","S","","112","48.9271","-123.0291","497800","5419400","TWM-SA-WW",48.947,-123.057,"JKL","257","37","48.947","-123.057",1,1,1,1,1,2013-09-14 13:30:00
"6/6/13","13:45",1345,6,6,2013,"JL","","S","","96","48.9690","-123.1624","488100","5424000","TWM-SA-WW",48.9621,-123.1333,"JL","157","23","48.9621","-123.1333",1,0,1,1,1,2013-06-06 13:45:00
"9/14/13","11:30",1130,9,14,2013,"JKL","","S","","97","48.9892","-123.1057","492300","5426300","TWM-SA-WW",48.978,-123.104,"JKL","257","37","48.978","-123.104",1,1,1,1,1,2013-09-14 11:30:00
"7/19/13","13:45",1345,7,19,2013,"KL","","NW","","97","48.9892","-123.1057","492300","5426300","TWM-SA-WW",48.9781,-123.1083,"KL","200","29","48.9781","-123.1083",0,1,1,1,1,2013-07-19 13:45:00
"8/25/13","13:20",1320,8,25,2013,"JK","JKLp","SE","","95","48.9687","-123.2260","483500","5424000","TWM-SA-WW",48.9854,-123.2257,"JKLp","237","34","48.9854","-123.2257",1,1,1,1,1,2013-08-25 13:20:00
"9/5/13","11:15",1115,9,5,2013,"K","","S","","80","49.0114","-123.1627","488100","5428700","TWM-SA-WW",48.998,-123.159,"K","248","36","48.998","-123.159",0,1,0,1,1,2013-09-05 11:15:00
"6/6/13","12:15",1215,6,6,2013,"JL","","S","","81","49.0108","-123.2261","483500","5428700","TWM-SA-WW",49.0207,-123.2231,"JL","157","23","49.0207","-123.2231",1,0,1,1,1,2013-06-06 12:15:00
"9/9/13","13:00",1300,9,9,2013,"JK","","E","","77","49.0536","-123.2895","478900","5433400","TWM-SA-WW",49.056,-123.302,"JK","252","37","49.056","-123.302",1,1,0,1,1,2013-09-09 13:00:00
"9/7/13","12:50",1250,9,7,2013,"KL","KpLp","","","76","49.0534","-123.3576","474000","5433400","TWM-SA-WW",49.066,-123.338,"KpLp","250","36","49.066","-123.338",0,1,1,1,1,2013-09-07 12:50:00
"5/17/04","11:35",1135,5,17,2004,"KL"," ","N","","","","","","","BCCSN",49.0682,-125.8554,"KL","138","21","49.0682","-125.8554",0,1,1,1,1,2004-05-17 11:35:00
"8/8/10","9:45",945,8,8,2010,"J"," "," ","","","","","","","BCCSN",49.0738,-123.1362,"J","220","31","49.0738","-123.1362",1,0,0,1,1,2010-08-08 09:45:00
"8/25/13","12:00",1200,8,25,2013,"JK","JKLp","S","","65","49.0956","-123.3567","474000","5438100","TWM-SA-WW",49.0788,-123.3435,"JKLp","237","34","49.0788","-123.3435",1,1,1,1,1,2013-08-25 12:00:00
"5/29/13","17:00",1700,5,29,2013,"J","","SE","","67","49.0958","-123.4872","464500","5438100","TWM-SA-WW",49.0834,-123.4942,"J","149","22","49.0834","-123.4942",1,0,0,1,1,2013-05-29 17:00:00
"9/7/13","12:00",1200,9,7,2013,"KL","KpLp","","","65","49.0956","-123.3567","474000","5438100","TWM-SA-WW",49.087,-123.346,"KpLp","250","36","49.087","-123.346",0,1,1,1,1,2013-09-07 12:00:00
"9/7/13","11:00",1100,9,7,2013,"KL","KpLp","","","65","49.0956","-123.3567","474000","5438100","TWM-SA-WW",49.09,-123.322,"KpLp","250","36","49.09","-123.322",0,1,1,1,1,2013-09-07 11:00:00
"9/13/13","11:15",1115,9,13,2013,"JKL","","","","64","49.0956","-123.2888","479000","5438100","TWM-SA-WW",49.108,-123.311,"JKL","256","37","49.108","-123.311",1,1,1,1,1,2013-09-13 11:15:00
"9/13/13","14:55",1455,9,13,2013,"JKL","","S","","64","49.0956","-123.2888","479000","5438100","TWM-SA-WW",49.108,-123.311,"JKL","256","37","49.108","-123.311",1,1,1,1,1,2013-09-13 14:55:00
"12/23/16","",NA,12,23,2016,"SRs?","","","","","","","","","BCCSN",49.1082,-124.8193,"SRs?","358","51","49.1082","-124.8193",0,0,0,1,1,NA
"7/5/10","17:30",1730,7,5,2010,"K"," ","NW","","","","","","","BCCSN",49.1097,-125.9215,"K","186","27","49.1097","-125.9215",0,1,0,1,1,2010-07-05 17:30:00
"9/9/13","11:10",1110,9,9,2013,"JK","","SW","","65","49.0956","-123.3567","474000","5438100","TWM-SA-WW",49.112,-123.328,"JK","252","37","49.112","-123.328",1,1,0,1,1,2013-09-09 11:10:00
"9/13/13","12:45",1245,9,13,2013,"JK","","S","","64","49.0956","-123.2888","479000","5438100","TWM-SA-WW",49.114,-123.306,"JK","256","37","49.114","-123.306",1,1,0,1,1,2013-09-13 12:45:00
"9/13/13","12:55",1255,9,13,2013,"SRs","","S","","62","49.1381","-123.2227","483800","5442800","TWM-SA-WW",49.115,-123.177,"SRs","256","37","49.115","-123.177",0,0,0,1,1,2013-09-13 12:55:00
"6/8/07","",NA,6,8,2007,"L"," "," ","","","","","","","BCCSN",49.1436,-125.9244,"L","159","23","49.1436","-125.9244",0,0,1,1,1,NA
"7/12/04","12:35",1235,7,12,2004,"J"," ","W","","","","","","","BCCSN",49.1952,-126.1055,"J","194","29","49.1952","-126.1055",1,0,0,1,1,2004-07-12 12:35:00
"9/27/07","11:30",1130,9,27,2007,"JL"," ","N","","","","","","","BCCSN",49.2224,-129.0556,"JL","270","39","49.2224","-129.0556",1,0,1,1,1,2007-09-27 11:30:00
"4/22/10","14:00",1400,4,22,2010,"SRs?"," ","N","","","","","","","BCCSN",49.2288,-123.9459,"SRs?","112","16","49.2288","-123.9459",0,0,0,1,1,2010-04-22 14:00:00
"8/11/13","18:30",1830,8,11,2013,"JKL","","W","","43","49.2279","-123.2868","479100","5452800","TWM-SA-WW",49.2293,-123.3107,"JKL","223","32","49.2293","-123.3107",1,1,1,1,1,2013-08-11 18:30:00
"8/11/03","8:00",800,8,11,2003,"JKL"," "," ","","","","","","","BCCSN",49.25,-125.8333,"JKL","223","33","49.25","-125.8333",1,1,1,1,1,2003-08-11 08:00:00
"9/5/13","12:30",1230,9,5,2013,"L","Lp","S","","20","49.2729","-123.2873","479100","5457800","TWM-SA-WW",49.277,-123.318,"Lp","248","36","49.277","-123.318",0,0,1,1,1,2013-09-05 12:30:00
"9/5/13","13:30",1330,9,5,2013,"L","Lp","SW","","20","49.2729","-123.2873","479100","5457800","TWM-SA-WW",49.277,-123.299,"Lp","248","36","49.277","-123.299",0,0,1,1,1,2013-09-05 13:30:00
"1/28/12","10:00",1000,1,28,2012,"SRs?"," "," ","","","","","","","BCCSN",49.322,-129.2245,"SRs?","028","04","49.322","-129.2245",0,0,0,1,1,2012-01-28 10:00:00
"6/28/16","",NA,6,28,2016,"SRs?","","S","","","","","","","BCCSN",49.355,-123.2915,"SRs?","180","26","49.355","-123.2915",0,0,0,1,1,NA
"3/26/17","",NA,3,26,2017,"SRs?","","","","","","","","","BCCSN",49.3828,-123.3198,"SRs?","085","12","49.3828","-123.3198",0,0,0,1,1,NA
"5/13/10","14:00",1400,5,13,2010,"L?"," ","S","","","","","","","BCCSN",49.3841,-123.9737,"L?","133","19","49.3841","-123.9737",0,0,1,1,1,2010-05-13 14:00:00
"5/7/16","13:30",1330,5,7,2016,"SRs?",""," ","","","","","","","BCCSN",49.3841,-123.2716,"SRs?","128","18","49.3841","-123.2716",0,0,0,1,1,2016-05-07 13:30:00
"5/7/16","",NA,5,7,2016,"SRs?","","","","","","","","","BCCSN",49.3841,-123.2716,"SRs?","128","18","49.3841","-123.2716",0,0,0,1,1,NA
"1/19/04","13:45",1345,1,19,2004,"J"," "," ","","","","","","","BCCSN",49.3983,-124.5285,"J","019","04","49.3983","-124.5285",1,0,0,1,1,2004-01-19 13:45:00
"3/26/17","",NA,3,26,2017,"SRs?","","","","","","","","","BCCSN",49.4004,-123.2871,"SRs?","085","12","49.4004","-123.2871",0,0,0,1,1,NA
"7/10/16","",NA,7,10,2016,"SRs","","","","","","","","","BCCSN",49.4133,-123.4417,"SRs","192","27","49.4133","-123.4417",0,0,0,1,1,NA
"3/20/16","",NA,3,20,2016,"J","","","","","","","","","BCCSN",49.4205,-123.3145,"J","080","11","49.4205","-123.3145",1,0,0,1,1,NA
"6/23/16","6:45",645,6,23,2016,"SRs?","","E","","","","","","","BCCSN",49.4205,-123.4044,"SRs?","175","25","49.4205","-123.4044",0,0,0,1,1,2016-06-23 06:45:00
"6/23/16","",NA,6,23,2016,"SRs?","","","","","","","","","BCCSN",49.4205,-123.4044,"SRs?","175","25","49.4205","-123.4044",0,0,0,1,1,NA
"3/31/16","",NA,3,31,2016,"SRs?","","","","","","","","","BCCSN",49.4272,-123.3275,"SRs?","091","13","49.4272","-123.3275",0,0,0,1,1,NA
"7/10/16","",NA,7,10,2016,"SRs","","","","","","","","","BCCSN",49.4309,-123.358,"SRs","192","27","49.4309","-123.358",0,0,0,1,1,NA
"3/26/17","",NA,3,26,2017,"SRs?","","","","","","","","","BCCSN",49.4322,-123.3758,"SRs?","085","12","49.4322","-123.3758",0,0,0,1,1,NA
"7/17/02","10:00",1000,7,17,2002,"JKL"," ","N","","","","","","","BCCSN",49.4413,-124.063,"JKL","198","29","49.4413","-124.063",1,1,1,1,1,2002-07-17 10:00:00
"3/10/04","9:10",910,3,10,2004,"SRs?"," "," ","","","","","","","BCCSN",49.4448,-124.3658,"SRs?","070","11","49.4448","-124.3658",0,0,0,1,1,2004-03-10 09:10:00
"8/21/16","",NA,8,21,2016,"SRs?","","","","","","","","","BCCSN",49.4595,-123.902,"SRs?","234","33","49.4595","-123.902",0,0,0,1,1,NA
"9/17/05","12:25",1225,9,17,2005,"JKL"," ","S","","","","","","","BCCSN",49.4815,-124.3828,"JKL","260","37","49.4815","-124.3828",1,1,1,1,1,2005-09-17 12:25:00
"9/16/10","13:30",1330,9,16,2010,"JK"," ","S","","","","","","","BCCSN",49.4841,-124.3847,"JK","259","37","49.4841","-124.3847",1,1,0,1,1,2010-09-16 13:30:00
"6/10/09","14:30",1430,6,10,2009,"KL12s"," "," ","","","","","","","BCCSN",49.4859,-124.3904,"KL12s","161","24","49.4859","-124.3904",0,1,1,1,1,2009-06-10 14:30:00
"3/3/15","9:40",940,3,3,2015,"J","","W","","","","","","","BCCSN",49.487,-124.3841,"J","062","10","49.487","-124.3841",1,0,0,1,1,2015-03-03 09:40:00
"7/2/13","11:30",1130,7,2,2013,"L12s"," "," ","","","","","","","BCCSN",49.4875,-124.3575,"L12s","183","27","49.4875","-124.3575",0,0,1,1,1,2013-07-02 11:30:00
"7/23/09","13:00",1300,7,23,2009,"K"," "," ","","","","","","","BCCSN",49.4883,-124.3717,"K","204","30","49.4883","-124.3717",0,1,0,1,1,2009-07-23 13:00:00
"8/27/15","14:25",1425,8,27,2015,"L","","E","","","","","","","BCCSN",49.4884,-124.3723,"L","239","35","49.4884","-124.3723",0,0,1,1,1,2015-08-27 14:25:00
"6/14/05","14:15",1415,6,14,2005,"J"," ","S","","","","","","","BCCSN",49.49,-124.3646,"J","165","24","49.49","-124.3646",1,0,0,1,1,2005-06-14 14:15:00
"7/14/14","11:00",1100,7,14,2014,"JKpL","","N","","","","","","","BCCSN",49.4903,-124.3616,"JKpL","195","29","49.4903","-124.3616",1,1,1,1,1,2014-07-14 11:00:00
"3/30/16","",NA,3,30,2016,"SRs?","","","","","","","","","BCCSN",49.5105,-123.9201,"SRs?","090","13","49.5105","-123.9201",0,0,0,1,1,NA
"3/10/04","10:00",1000,3,10,2004,"J"," ","S","","","","","","","BCCSN",49.5117,-124.0817,"J","070","11","49.5117","-124.0817",1,0,0,1,1,2004-03-10 10:00:00
"5/22/15","17:45",1745,5,22,2015,"J",""," ","","","","","","","BCCSN",49.5137,-124.7229,"J","142","21","49.5137","-124.7229",1,0,0,1,1,2015-05-22 17:45:00
"10/15/01","",NA,10,15,2001,"SRs"," "," ","","","","","","","BCCSN",49.5259,-124.7289,"SRs","288","42","49.5259","-124.7289",0,0,0,1,1,NA
"10/14/05","13:40",1340,10,14,2005,"J"," "," ","","","","","","","BCCSN",49.5526,-123.2598,"J","287","41","49.5526","-123.2598",1,0,0,1,1,2005-10-14 13:40:00
"11/9/03","12:00",1200,11,9,2003,"KL"," ","N","","","","","","","BCCSN",49.5649,-124.6896,"KL","313","45","49.5649","-124.6896",0,1,1,1,1,2003-11-09 12:00:00
"8/24/03","",NA,8,24,2003,"L"," "," ","","","","","","","BCCSN",49.5886,-126.6469,"L","236","34","49.5886","-126.6469",0,0,1,1,1,NA
"8/20/02","",NA,8,20,2002,"SRs?"," ","N","","","","","","","BCCSN",49.5959,-126.5861,"SRs?","232","34","49.5959","-126.5861",0,0,0,1,1,NA
"2/21/02","",NA,2,21,2002,"SRs"," "," ","","","","","","","BCCSN",49.5997,-126.5735,"SRs","052","08","49.5997","-126.5735",0,0,0,1,1,NA
"9/8/01","16:30",1630,9,8,2001,"SRs"," "," ","","","","","","","BCCSN",49.6122,-126.5485,"SRs","251","36","49.6122","-126.5485",0,0,0,1,1,2001-09-08 16:30:00
"8/16/11","18:27",1827,8,16,2011,"SRs"," ","NE","","","","","","","BCCSN",49.6249,-124.7082,"SRs","228","33","49.6249","-124.7082",0,0,0,1,1,2011-08-16 18:27:00
"1/27/02","",NA,1,27,2002,"SRs?"," "," ","","","","","","","BCCSN",49.631,-126.4964,"SRs?","027","04","49.631","-126.4964",0,0,0,1,1,NA
"3/23/02","",NA,3,23,2002,"SRs?"," "," ","","","","","","","BCCSN",49.6379,-126.4529,"SRs?","082","12","49.6379","-126.4529",0,0,0,1,1,NA
"9/5/02","",NA,9,5,2002,"SRs"," ","E","","","","","","","BCCSN",49.6435,-126.2968,"SRs","248","36","49.6435","-126.2968",0,0,0,1,1,NA
"7/15/02","14:00",1400,7,15,2002,"SRs?"," "," ","","","","","","","BCCSN",49.6467,-126.602,"SRs?","196","29","49.6467","-126.602",0,0,0,1,1,2002-07-15 14:00:00
"1/27/02","",NA,1,27,2002,"SRs?"," "," ","","","","","","","BCCSN",49.6503,-126.5965,"SRs?","027","04","49.6503","-126.5965",0,0,0,1,1,NA
"7/12/01","18:00",1800,7,12,2001,"SRs?"," "," ","","","","","","","BCCSN",49.6554,-126.4674,"SRs?","193","28","49.6554","-126.4674",0,0,0,1,1,2001-07-12 18:00:00
"5/17/03","17:20",1720,5,17,2003,"SRs"," "," ","","","","","","","BCCSN",49.6618,-126.127,"SRs","137","20","49.6618","-126.127",0,0,0,1,1,2003-05-17 17:20:00
"9/9/02","",NA,9,9,2002,"SRs"," "," ","","","","","","","BCCSN",49.665,-126.1252,"SRs","252","37","49.665","-126.1252",0,0,0,1,1,NA
"9/17/10","10:00",1000,9,17,2010,"SRs"," "," ","","","","","","","BCCSN",49.6667,-124.25,"SRs","260","37","49.6667","-124.25",0,0,0,1,1,2010-09-17 10:00:00
"7/15/02","14:30",1430,7,15,2002,"SRs?"," "," ","","","","","","","BCCSN",49.673,-126.1152,"SRs?","196","29","49.673","-126.1152",0,0,0,1,1,2002-07-15 14:30:00
"11/23/02","",NA,11,23,2002,"J"," "," ","","","","","","","BCCSN",49.6759,-124.6951,"J","327","47","49.6759","-124.6951",1,0,0,1,1,NA
"3/7/12","10:22",1022,3,7,2012,"SRs?"," ","N","","","","","","","BCCSN",49.7467,-124.9117,"SRs?","067","10","49.7467","-124.9117",0,0,0,1,1,2012-03-07 10:22:00
"10/15/08","10:00",1000,10,15,2008,"SRs?"," "," ","","","","","","","BCCSN",49.7613,-124.4525,"SRs?","289","42","49.7613","-124.4525",0,0,0,1,1,2008-10-15 10:00:00
"6/17/13","16:00",1600,6,17,2013,"SRs?"," "," ","","","","","","","BCCSN",49.7706,-124.7058,"SRs?","168","25","49.7706","-124.7058",0,0,0,1,1,2013-06-17 16:00:00
"8/31/09","11:00",1100,8,31,2009,"JKL"," ","N","","","","","","","BCCSN",49.7905,-124.6352,"JKL","243","36","49.7905","-124.6352",1,1,1,1,1,2009-08-31 11:00:00
"9/17/09","11:00",1100,9,17,2009,"J"," "," ","","","","","","","BCCSN",49.7905,-124.6352,"J","260","38","49.7905","-124.6352",1,0,0,1,1,2009-09-17 11:00:00
"12/14/16","",NA,12,14,2016,"SRs?","","E","","","","","","","BCCSN",49.8165,-124.64,"SRs?","349","50","49.8165","-124.64",0,0,0,1,1,NA
"10/5/16","",NA,10,5,2016,"SRs?","","NW","","","","","","","BCCSN",49.8196,-124.6029,"SRs?","279","40","49.8196","-124.6029",0,0,0,1,1,NA
"3/28/03","15:30",1530,3,28,2003,"L"," "," ","","","","","","","BCCSN",49.825,-126.6612,"L","087","13","49.825","-126.6612",0,0,1,1,1,2003-03-28 15:30:00
"10/20/01","14:30",1430,10,20,2001,"L"," "," ","","","","","","","BCCSN",49.8677,-125.0619,"L","293","42","49.8677","-125.0619",0,0,1,1,1,2001-10-20 14:30:00
"12/4/10","9:15",915,12,4,2010,"J"," "," ","","","","","","","BCCSN",49.8713,-124.6115,"J","338","48","49.8713","-124.6115",1,0,0,1,1,2010-12-04 09:15:00
"10/11/02","14:00",1400,10,11,2002,"L"," ","SE","","","","","","","BCCSN",49.8762,-124.9352,"L","284","41","49.8762","-124.9352",0,0,1,1,1,2002-10-11 14:00:00
"6/17/14","15:00",1500,6,17,2014,"J","","E","","","","","","","BCCSN",49.9238,-125.1334,"J","168","25","49.9238","-125.1334",1,0,0,1,1,2014-06-17 15:00:00
"12/11/07","",NA,12,11,2007,"SRs"," ","S","","","","","","","BCCSN",49.9263,-124.8827,"SRs","345","50","49.9263","-124.8827",0,0,0,1,1,NA
"8/19/10","7:15",715,8,19,2010,"SRs?"," ","SW","","","","","","","BCCSN",50.0311,-125.2359,"SRs?","231","33","50.0311","-125.2359",0,0,0,1,1,2010-08-19 07:15:00
"6/8/12","9:55",955,6,8,2012,"SRs"," "," ","","","","","","","BCCSN",50.0334,-125.2174,"SRs","160","23","50.0334","-125.2174",0,0,0,1,1,2012-06-08 09:55:00
"6/20/09","20:40",2040,6,20,2009,"SRs?"," ","SE","","","","","","","BCCSN",50.037,-125.2242,"SRs?","171","25","50.037","-125.2242",0,0,0,1,1,2009-06-20 20:40:00
"6/20/09","20:30",2030,6,20,2009,"SRs?"," ","SE","","","","","","","BCCSN",50.0401,-125.2241,"SRs?","171","25","50.0401","-125.2241",0,0,0,1,1,2009-06-20 20:30:00
"5/8/06","",NA,5,8,2006,"L"," "," ","","","","","","","BCCSN",50.0994,-127.9175,"L","128","19","50.0994","-127.9175",0,0,1,1,1,NA
"7/27/03","15:46",1546,7,27,2003,"SRs"," ","N","","","","","","","BCCSN",50.1162,-125.1879,"SRs","208","30","50.1162","-125.1879",0,0,0,1,1,2003-07-27 15:46:00
"5/24/01","12:00",1200,5,24,2001,"SRs"," "," ","","","","","","","BCCSN",50.1244,-125.1959,"SRs","144","21","50.1244","-125.1959",0,0,0,1,1,2001-05-24 12:00:00
"8/17/09","11:00",1100,8,17,2009,"JL"," ","N","","","","","","","BCCSN",50.1267,-125.1915,"JL","229","34","50.1267","-125.1915",1,0,1,1,1,2009-08-17 11:00:00
"4/16/03","12:30",1230,4,16,2003,"J"," ","N","","","","","","","BCCSN",50.131,-125.2048,"J","106","16","50.131","-125.2048",1,0,0,1,1,2003-04-16 12:30:00
"6/26/06","11:00",1100,6,26,2006,"L"," "," ","","","","","","","BCCSN",50.1318,-125.1977,"L","177","26","50.1318","-125.1977",0,0,1,1,1,2006-06-26 11:00:00
"6/26/06","11:00",1100,6,26,2006,"J"," "," ","","","","","","","BCCSN",50.1318,-125.1977,"J","177","26","50.1318","-125.1977",1,0,0,1,1,2006-06-26 11:00:00
"6/28/06","16:45",1645,6,28,2006,"J"," "," ","","","","","","","BCCSN",50.1321,-125.2073,"J","179","26","50.1321","-125.2073",1,0,0,1,1,2006-06-28 16:45:00
"7/7/13","15:00",1500,7,7,2013,"JL"," "," ","","","","","","","BCCSN",50.1335,-125.2043,"JL","188","27","50.1335","-125.2043",1,0,1,1,1,2013-07-07 15:00:00
"5/28/15","11:00",1100,5,28,2015,"J","","SW","","","","","","","BCCSN",50.1335,-125.2043,"J","148","22","50.1335","-125.2043",1,0,0,1,1,2015-05-28 11:00:00
"6/4/15","14:05",1405,6,4,2015,"J",""," ","","","","","","","BCCSN",50.1335,-125.2043,"J","155","23","50.1335","-125.2043",1,0,0,1,1,2015-06-04 14:05:00
"7/3/07","",NA,7,3,2007,"KL"," "," ","","","","","","","BCCSN",50.1449,-125.3566,"KL","184","27","50.1449","-125.3566",0,1,1,1,1,NA
"7/3/07","",NA,7,3,2007,"KL"," "," ","","","","","","","BCCSN",50.1521,-125.3546,"KL","184","27","50.1521","-125.3546",0,1,1,1,1,NA
"9/15/12","13:30",1330,9,15,2012,"SRs"," "," ","","","","","","","BCCSN",50.2176,-125.1477,"SRs","259","37","50.2176","-125.1477",0,0,0,1,1,2012-09-15 13:30:00
"7/14/04","10:30",1030,7,14,2004,"JK"," ","N","","","","","","","BCCSN",50.2329,-125.1394,"JK","196","29","50.2329","-125.1394",1,1,0,1,1,2004-07-14 10:30:00
"5/8/06","9:14",914,5,8,2006,"SRs"," "," ","","","","","","","BCCSN",50.2478,-128.0892,"SRs","128","19","50.2478","-128.0892",0,0,0,1,1,2006-05-08 09:14:00
"8/11/12","13:50",1350,8,11,2012,"KL"," ","S","","","","","","","BCCSN",50.2945,-125.4034,"KL","224","32","50.2945","-125.4034",0,1,1,1,1,2012-08-11 13:50:00
"1/9/15","",NA,1,9,2015,"Jp",""," ","","","","","","","BCCSN",50.297,-125.2161,"Jp","009","02","50.297","-125.2161",1,0,0,1,1,NA
"2/18/15","11:15",1115,2,18,2015,"SRs?","","E","","","","","","","BCCSN",50.3324,-125.4358,"SRs?","049","08","50.3324","-125.4358",0,0,0,1,1,2015-02-18 11:15:00
"4/29/15","11:30",1130,4,29,2015,"SRs",""," ","","","","","","","BCCSN",50.3326,-125.4374,"SRs","119","18","50.3326","-125.4374",0,0,0,1,1,2015-04-29 11:30:00
"5/3/15","19:30",1930,5,3,2015,"SRs","","E","","","","","","","BCCSN",50.3334,-125.4427,"SRs","123","18","50.3334","-125.4427",0,0,0,1,1,2015-05-03 19:30:00
"5/3/15","18:30",1830,5,3,2015,"SRs","","NW","","","","","","","BCCSN",50.3335,-125.4383,"SRs","123","18","50.3335","-125.4383",0,0,0,1,1,2015-05-03 18:30:00
"10/20/15","14:00",1400,10,20,2015,"SRs","","SE","","","","","","","BCCSN",50.3411,-125.4335,"SRs","293","43","50.3411","-125.4335",0,0,0,1,1,2015-10-20 14:00:00
"10/22/15","11:00",1100,10,22,2015,"SRs?","","S","","","","","","","BCCSN",50.3411,-125.4335,"SRs?","295","43","50.3411","-125.4335",0,0,0,1,1,2015-10-22 11:00:00
"8/31/12","9:00",900,8,31,2012,"SRs?",""," ","","","","","","","BCCSN",50.3645,-125.6913,"SRs?","244","35","50.3645","-125.6913",0,0,0,1,1,2012-08-31 09:00:00
"8/14/14","14:30",1430,8,14,2014,"SRs?",""," ","","","","","","","BCCSN",50.3732,-125.6776,"SRs?","226","33","50.3732","-125.6776",0,0,0,1,1,2014-08-14 14:30:00
"8/16/12","13:30",1330,8,16,2012,"SRs","","N","","","","","","","BCCSN",50.3852,-125.3517,"SRs","229","33","50.3852","-125.3517",0,0,0,1,1,2012-08-16 13:30:00
"7/26/12","17:30",1730,7,26,2012,"L",""," ","","","","","","","BCCSN",50.3867,-125.8193,"L","208","30","50.3867","-125.8193",0,0,1,1,1,2012-07-26 17:30:00
"10/20/10","9:00",900,10,20,2010,"SRs?"," "," ","","","","","","","BCCSN",50.3982,-125.958,"SRs?","293","42","50.3982","-125.958",0,0,0,1,1,2010-10-20 09:00:00
"6/23/06","15:35",1535,6,23,2006,"L"," "," ","","","","","","","BCCSN",50.4001,-125.0971,"L","174","25","50.4001","-125.0971",0,0,1,1,1,2006-06-23 15:35:00
"10/8/05","13:30",1330,10,8,2005,"JKL"," ","S","","","","","","","BCCSN",50.4037,-125.0992,"JKL","281","40","50.4037","-125.0992",1,1,1,1,1,2005-10-08 13:30:00
"6/14/03","13:00",1300,6,14,2003,"KL"," "," ","","","","","","","BCCSN",50.407,-125.151,"KL","165","24","50.407","-125.151",0,1,1,1,1,2003-06-14 13:00:00
"5/31/06","11:00",1100,5,31,2006,"J"," "," ","","","","","","","BCCSN",50.4086,-125.0874,"J","151","22","50.4086","-125.0874",1,0,0,1,1,2006-05-31 11:00:00
"6/21/15","12:15",1215,6,21,2015,"JKLp",""," ","","","","","","","BCCSN",50.424,-125.1183,"JKLp","172","25","50.424","-125.1183",1,1,1,1,1,2015-06-21 12:15:00
"9/22/04","",NA,9,22,2004,"JK"," ","S","","","","","","","BCCSN",50.4344,-125.0961,"JK","266","39","50.4344","-125.0961",1,1,0,1,1,NA
"7/2/07","",NA,7,2,2007,"SRs"," ","S","","","","","","","BCCSN",50.4509,-126.0444,"SRs","183","27","50.4509","-126.0444",0,0,0,1,1,NA
"8/19/13","16:40",1640,8,19,2013,"J"," ","S","","","","","","","BCCSN",50.4574,-125.6008,"J","231","34","50.4574","-125.6008",1,0,0,1,1,2013-08-19 16:40:00
"10/5/04","12:00",1200,10,5,2004,"SRs?"," "," ","","","","","","","BCCSN",50.477,-126.2407,"SRs?","279","41","50.477","-126.2407",0,0,0,1,1,2004-10-05 12:00:00
"7/6/12","19:00",1900,7,6,2012,"L","","E","","","","","","","BCCSN",50.482,-126.4229,"L","188","27","50.482","-126.4229",0,0,1,1,1,2012-07-06 19:00:00
"12/1/06","18:30",1830,12,1,2006,"L"," "," ","","","","","","","BCCSN",50.4843,-126.2215,"L","335","48","50.4843","-126.2215",0,0,1,1,1,2006-12-01 18:30:00
"6/17/10","13:00",1300,6,17,2010,"SRs"," "," ","","","","","","","BCCSN",50.4977,-126.6137,"SRs","168","24","50.4977","-126.6137",0,0,0,1,1,2010-06-17 13:00:00
"7/2/07","17:11",1711,7,2,2007,"KL"," ","E","","","","","","","BCCSN",50.5079,-126.5918,"KL","183","27","50.5079","-126.5918",0,1,1,1,1,2007-07-02 17:11:00
"7/2/07","17:11",1711,7,2,2007,"KL"," ","E","","","","","","","BCCSN",50.5178,-126.5964,"KL","183","27","50.5178","-126.5964",0,1,1,1,1,2007-07-02 17:11:00
"6/11/06","14:30",1430,6,11,2006,"JK"," "," ","","","","","","","BCCSN",50.5207,-126.6248,"JK","162","23","50.5207","-126.6248",1,1,0,1,1,2006-06-11 14:30:00
"8/14/14","18:43",1843,8,14,2014,"SRs?",""," ","","","","","","","BCCSN",50.5298,-126.6588,"SRs?","226","33","50.5298","-126.6588",0,0,0,1,1,2014-08-14 18:43:00
"8/1/88","",NA,8,1,1988,"SRs"," ","E","","","","","","","BCCSN",50.55,-126.6866,"SRs","214","31","50.55","-126.6866",0,0,0,1,1,NA
"7/5/15","9:42",942,7,5,2015,"SRs?",""," ","","","","","","","BCCSN",50.5524,-126.7326,"SRs?","186","27","50.5524","-126.7326",0,0,0,1,1,2015-07-05 09:42:00
"7/14/07","13:00",1300,7,14,2007,"SRs?"," "," ","","","","","","","BCCSN",50.5549,-126.8334,"SRs?","195","28","50.5549","-126.8334",0,0,0,1,1,2007-07-14 13:00:00
"6/11/06","",NA,6,11,2006,"KL"," ","E","","","","","","","BCCSN",50.5641,-126.687,"KL","162","23","50.5641","-126.687",0,1,1,1,1,NA
"5/27/04","17:00",1700,5,27,2004,"L"," ","S","","","","","","","BCCSN",50.5662,-126.6887,"L","148","22","50.5662","-126.6887",0,0,1,1,1,2004-05-27 17:00:00
"5/2/15","15:45",1545,5,2,2015,"Jp",""," ","","","","","","","BCCSN",50.5688,-126.192,"Jp","122","18","50.5688","-126.192",1,0,0,1,1,2015-05-02 15:45:00
"8/26/01","10:00",1000,8,26,2001,"JK"," "," ","","","","","","","BCCSN",50.5689,-126.1938,"JK","238","34","50.5689","-126.1938",1,1,0,1,1,2001-08-26 10:00:00
"9/5/03","11:05",1105,9,5,2003,"JK"," ","S","","","","","","","BCCSN",50.5689,-126.1931,"JK","248","36","50.5689","-126.1931",1,1,0,1,1,2003-09-05 11:05:00
"7/2/04","12:00",1200,7,2,2004,"J"," ","S","","","","","","","BCCSN",50.5689,-126.1971,"J","184","27","50.5689","-126.1971",1,0,0,1,1,2004-07-02 12:00:00
"10/19/02","",NA,10,19,2002,"JK"," "," ","","","","","","","BCCSN",50.569,-126.1932,"JK","292","42","50.569","-126.1932",1,1,0,1,1,NA
"5/7/03","12:30",1230,5,7,2003,"J"," "," ","","","","","","","BCCSN",50.5691,-126.1941,"J","127","19","50.5691","-126.1941",1,0,0,1,1,2003-05-07 12:30:00
"6/25/11","11:00",1100,6,25,2011,"JL"," "," ","","","","","","","BCCSN",50.5699,-126.1938,"JL","176","25","50.5699","-126.1938",1,0,1,1,1,2011-06-25 11:00:00
"6/9/04","",NA,6,9,2004,"J"," "," ","","","","","","","BCCSN",50.5707,-126.1951,"J","161","24","50.5707","-126.1951",1,0,0,1,1,NA
"8/18/04","23:35",2335,8,18,2004,"JK"," ","S","","","","","","","BCCSN",50.5707,-126.1951,"JK","231","34","50.5707","-126.1951",1,1,0,1,1,2004-08-18 23:35:00
"10/7/05","",NA,10,7,2005,"L"," ","N","","","","","","","BCCSN",50.5709,-126.1944,"L","280","40","50.5709","-126.1944",0,0,1,1,1,NA
"7/25/06","10:53",1053,7,25,2006,"JK"," ","S","","","","","","","BCCSN",50.5738,-126.1898,"JK","206","30","50.5738","-126.1898",1,1,0,1,1,2006-07-25 10:53:00
"5/27/04","",NA,5,27,2004,"L"," ","E","","","","","","","BCCSN",50.5833,-126.7,"L","148","22","50.5833","-126.7",0,0,1,1,1,NA
"5/27/98","15:30",1530,5,27,1998,"SRs"," "," ","","","","","","","BCCSN",50.5925,-126.8185,"SRs","147","22","50.5925","-126.8185",0,0,0,1,1,1998-05-27 15:30:00
"7/21/03","10:00",1000,7,21,2003,"L12s"," "," ","","","","","","","BCCSN",50.6045,-125.547,"L12s","202","30","50.6045","-125.547",0,0,1,1,1,2003-07-21 10:00:00
"7/5/15","20:27",2027,7,5,2015,"SRs?",""," ","","","","","","","BCCSN",50.6071,-126.8219,"SRs?","186","27","50.6071","-126.8219",0,0,0,1,1,2015-07-05 20:27:00
"6/10/06","",NA,6,10,2006,"K"," "," ","","","","","","","BCCSN",50.6133,-126.6804,"K","161","23","50.6133","-126.6804",0,1,0,1,1,NA
"5/27/98","14:30",1430,5,27,1998,"L"," ","E","","","","","","","BCCSN",50.6691,-126.9994,"L","147","22","50.6691","-126.9994",0,0,1,1,1,1998-05-27 14:30:00
"7/15/15","7:21",721,7,15,2015,"SRs?",""," ","","","","","","","BCCSN",50.7463,-126.5188,"SRs?","196","29","50.7463","-126.5188",0,0,0,1,1,2015-07-15 07:21:00
"10/17/16","",NA,10,17,2016,"SRs?","","","","","","","","","BCCSN",50.7733,-127.4467,"SRs?","291","42","50.7733","-127.4467",0,0,0,1,1,NA
"8/11/05","15:00",1500,8,11,2005,"KL"," "," ","","","","","","","BCCSN",50.8376,-126.9765,"KL","223","32","50.8376","-126.9765",0,1,1,1,1,2005-08-11 15:00:00
"7/16/06","11:08",1108,7,16,2006,"JKL"," "," ","","","","","","","BCCSN",50.8809,-125.5683,"JKL","197","28","50.8809","-125.5683",1,1,1,1,1,2006-07-16 11:08:00
"9/26/04","12:45",1245,9,26,2004,"SRs"," "," ","","","","","","","BCCSN",50.9,-127.45,"SRs","270","39","50.9","-127.45",0,0,0,1,1,2004-09-26 12:45:00
"6/11/95","10:00",1000,6,11,1995,"SRs"," "," ","","","","","","","BCCSN",50.9623,-127.7453,"SRs","162","23","50.9623","-127.7453",0,0,0,1,1,1995-06-11 10:00:00
"10/15/16","",NA,10,15,2016,"SRs?","","W","","","","","","","BCCSN",51.145,-127.8167,"SRs?","289","41","51.145","-127.8167",0,0,0,1,1,NA
"7/18/10","14:52",1452,7,18,2010,"SRs"," "," ","","","","","","","BCCSN",51.2436,-128.592,"SRs","199","28","51.2436","-128.592",0,0,0,1,1,2010-07-18 14:52:00
"9/9/03","",NA,9,9,2003,"JKL"," ","SE","","","","","","","BCCSN",52.1656,-128.0823,"JKL","252","37","52.1656","-128.0823",1,1,1,1,1,NA
"6/3/03","19:00",1900,6,3,2003,"J"," ","S","","","","","","","BCCSN",52.1695,-128.0615,"J","154","23","52.1695","-128.0615",1,0,0,1,1,2003-06-03 19:00:00
"7/24/09","1:00",100,7,24,2009,"J"," "," ","","","","","","","BCCSN",52.1738,-128.0667,"J","205","30","52.1738","-128.0667",1,0,0,1,1,2009-07-24 01:00:00
"7/5/04","11:00",1100,7,5,2004,"J"," "," ","","","","","","","BCCSN",52.2997,-128.3663,"J","187","28","52.2997","-128.3663",1,0,0,1,1,2004-07-05 11:00:00
"7/5/04","11:45",1145,7,5,2004,"J"," "," ","","","","","","","BCCSN",52.3056,-128.3622,"J","187","28","52.3056","-128.3622",1,0,0,1,1,2004-07-05 11:45:00
"6/23/05","19:00",1900,6,23,2005,"SRs?"," "," ","","","","","","","BCCSN",53.5388,-129.6021,"SRs?","174","25","53.5388","-129.6021",0,0,0,1,1,2005-06-23 19:00:00
"9/20/05","12:30",1230,9,20,2005,"JKL"," ","N","","","","","","","BCCSN",53.9833,-130.6917,"JKL","263","38","53.9833","-130.6917",1,1,1,1,1,2005-09-20 12:30:00
"5/30/02","8:00",800,5,30,2002,"K"," ","N","","","","","","","BCCSN",54.0011,-130.6842,"K","150","22","54.0011","-130.6842",0,1,0,1,1,2002-05-30 08:00:00
"8/15/03","20:15",2015,8,15,2003,"JKL"," ","N","","","","","","","BCCSN",54.0129,-130.696,"JKL","227","33","54.0129","-130.696",1,1,1,1,1,2003-08-15 20:15:00
"3/25/07","13:40",1340,3,25,2007,"J"," ","S","","","","","","","BCCSN",54.0198,-130.6963,"J","084","12","54.0198","-130.6963",1,0,0,1,1,2007-03-25 13:40:00
"8/15/03","20:00",2000,8,15,2003,"JK"," ","N","","","","","","","BCCSN",54.0209,-130.6959,"JK","227","33","54.0209","-130.6959",1,1,0,1,1,2003-08-15 20:00:00
NA,NA,NA,NA,NA,NA,NA,NA,NA,NA,NA,NA,NA,NA,NA,NA,NA,NA,NA,NA,NA,NA,NA,NA,NA,NA,NA,NA,NA
NA,NA,NA,NA,NA,NA,NA,NA,NA,NA,NA,NA,NA,NA,NA,NA,NA,NA,NA,NA,NA,NA,NA,NA,NA,NA,NA,NA,NA
NA,NA,NA,NA,NA,NA,NA,NA,NA,NA,NA,NA,NA,NA,NA,NA,NA,NA,NA,NA,NA,NA,NA,NA,NA,NA,NA,NA,NA
NA,NA,NA,NA,NA,NA,NA,NA,NA,NA,NA,NA,NA,NA,NA,NA,NA,NA,NA,NA,NA,NA,NA,NA,NA,NA,NA,NA,NA
NA,NA,NA,NA,NA,NA,NA,NA,NA,NA,NA,NA,NA,NA,NA,NA,NA,NA,NA,NA,NA,NA,NA,NA,NA,NA,NA,NA,NA
NA,NA,NA,NA,NA,NA,NA,NA,NA,NA,NA,NA,NA,NA,NA,NA,NA,NA,NA,NA,NA,NA,NA,NA,NA,NA,NA,NA,NA
NA,NA,NA,NA,NA,NA,NA,NA,NA,NA,NA,NA,NA,NA,NA,NA,NA,NA,NA,NA,NA,NA,NA,NA,NA,NA,NA,NA,NA
NA,NA,NA,NA,NA,NA,NA,NA,NA,NA,NA,NA,NA,NA,NA,NA,NA,NA,NA,NA,NA,NA,NA,NA,NA,NA,NA,NA,NA
NA,NA,NA,NA,NA,NA,NA,NA,NA,NA,NA,NA,NA,NA,NA,NA,NA,NA,NA,NA,NA,NA,NA,NA,NA,NA,NA,NA,NA
NA,NA,NA,NA,NA,NA,NA,NA,NA,NA,NA,NA,NA,NA,NA,NA,NA,NA,NA,NA,NA,NA,NA,NA,NA,NA,NA,NA,NA
